Аугментин таб.п.о.250мг+125мг №20,"Максавит (Здравсити)Гагарина, д. 18",236.0,1
"Вигамокс капли глазные 0,5%, 5 мл","Фарм Лэнд (Здравсити)Зорге, д. 45",223.0,1
"Амоксиклав Квиктаб таблетки 1000 мг, 14 шт.",Фармленд №350ул.Дагестанская д.21  ,457.81,16
"Вигамокс капли глазные 0,5%, 5 мл","Фарм-Центр+ (Здравсити)Менделеева, д. 177",223.0,1
Аугментин таб.п.о.250мг+125мг №20,"Максавит (Здравсити)Максима Рыльского, д. 13",236.0,1
"Вигамокс капли глазные 0,5%, 5 мл","Хабирова Д.А. (Здравсити)Братьев Кадомцевых, д. 8",223.0,1
"Амоксиклав Квиктаб таблетки 1000 мг, 14 шт.",Фармленд №500ул.Менделеева д.128/3,457.81,17
Аугментин таб.п.о.250мг+125мг №20,"Мед-Арт ООО (Здравсити)Высоковольтная, д. 10",236.0,1
"Вигамокс капли глазные 0,5%, 5 мл","Хабирова Д.А. (Здравсити)Ленина, д. 122",223.0,1
"Амоксиклав Квиктаб таблетки 1000 мг, 14 шт.",Фармленд №514ул.Первомайская д.98  ,457.81,6
Аугментин таб.п.о.250мг+125мг №20,"Мед-Арт ООО (Здравсити)Кирова, д. 46",236.0,1
"Вигамокс капли глазные 0,5%, 5 мл","Хабирова Д.А. ИП (Здравсити)Королева, д. 10",223.0,1
"Амоксиклав Квиктаб таблетки 1000 мг, 14 шт.",Фармленд №55ул.Ленина д.21,457.81,10
"Амоксиклав Квиктаб таблетки 1000 мг, 14 шт.",Фармленд №55ул.Ленина д.21,443.77,3
Аугментин таб.п.о.250мг+125мг №20,"Мед-Арт ООО (Здравсити)Проспект Октября, д. 23/2",236.0,1
"Вигамокс капли глазные 0,5%, 5 мл",Аптека Фармленд №111ул.Цурюпа 79б,228.71,15
Амоксициллин капс. 250мг N16,"Фармленд №97 ул. Ухтомского, 17",54.07,1
Амоксициллин капс. 250мг N16,Фармленд №258ул.Гафури д.50  ,54.37,1
Амоксициллин капс. 250мг N16,"Фармленд №300ул. Шафиева, 28",54.37,1
Амоксициллин капс. 250мг N16,"Фармленд №300ул. Шафиева, 28",55.19,2
Амоксициллин капс. 250мг N16,"Фармленд №230 ул. Р. Зорге, 45",54.7,2
Амоксициллин капс. 250мг N16,Фармленд №184ул.50 лет СССР   д.50,54.79,1
Амоксициллин капс. 250мг N16,"Фармленд №125 ул. Мубарякова, 10/1",54.9,4
Амоксициллин капс. 250мг N16,"Фармленд №100 ул. Транспортная, 46",55.19,1
Амоксициллин капс. 250мг N16,"Фармленд №100 ул. Транспортная, 46",52.93,1
Амоксициллин капс. 250мг N16,Фармленд №112ул.Коммунистическая д.45,55.19,2
Амоксициллин капс. 250мг N16,"Фармленд №128ул. З. Валиди, 58",55.19,1
Амоксициллин капс. 250мг N16,"Фармленд №175 ул. С. Перовской, 52/2",55.19,3
Амоксициллин капс. 250мг N16,Фармленд №205ул.Ахметова д.297,55.19,9
Амоксициллин капс. 250мг N16,Фармленд №23пр.Октября 11   ,55.19,3
Амоксициллин капс. 250мг N16,Фармленд №24ул.Рыльского д.13,55.19,5
Амоксициллин капс. 250мг N16,Фармленд №500ул.Менделеева д.128/3,55.19,8
"Амоксиклав Квиктаб таблетки 1000 мг, 14 шт.","Фармленд №300ул. Шафиева, 28",370.74,5
"Амоксиклав Квиктаб таблетки 1000 мг, 14 шт.","Фармленд №300ул. Шафиева, 28",385.48,31
Аугментин таб.п.о.250мг+125мг №20,"111 ЦРА (Здравсити)Российская, д. 68",236.0,1
"Вигамокс капли глазные 0,5%, 5 мл","""Добрыйй доктор"" ИП Ханнанова (Здравсити)Сагита Агиша, д. 14",223.0,1
"Вигамокс капли глазные 0,5%, 5 мл","ИП Фролова Е.В. (Здравсити)Свободы, д. 24, а",223.0,1
Аугментин таб.п.о.250мг+125мг №20,"111 ЦРА (Здравсити)Ухтомского, д. 12",236.0,1
"Вигамокс капли глазные 0,5%, 5 мл","Камви ООО (Здравсити)Владивостокская, д. 12",223.0,1
"Вигамокс капли глазные 0,5%, 5 мл","Максавит (Здравсити)Гагарина, д. 18",223.0,1
"Вигамокс капли глазные 0,5%, 5 мл","Максавит (Здравсити)Максима Рыльского, д. 13",223.0,1
"Вигамокс капли глазные 0,5%, 5 мл","Мед-Арт ООО (Здравсити)Высоковольтная, д. 10",223.0,1
Аугментин таб.п.о.250мг+125мг №20,"350 ЦРА (Здравсити)Нежинская, д. 28",236.0,1
Аугментин таб.п.о.250мг+125мг №20,"350 ЦРА (Здравсити)проспект Октября, д. 6",236.0,1
Аугментин таб.п.о.250мг+125мг №20,"350 ЦРА (Здравсити)Хмельницкого, д. 88",236.0,1
Аугментин таб.п.о.250мг+125мг №20,"АПТЕКА-ГАРМОНИЯ (Здравсити)проспект Октября, д. 81/1",236.0,1
"Амоксиклав Квиктаб таблетки 1000 мг, 14 шт.",Фармленд №10ул.Вологодская д.34,377.95,4
Аугментин таб.п.о.250мг+125мг №20,"Аптекарь (Здравсити)Чернышевского, д. 84",236.0,1
Амоксициллин капс. 500мг №20,"Фармленд №300ул. Шафиева, 28",60.42,1
"Амоксициллин Сандоз таблетки 1000 мг, 12 шт.","Фармленд №300ул. Шафиева, 28",166.62,9
Амоксициллин капс. 500мг №20,Фармленд №580ул.Достоевского д.107,61.01,4
Амоксициллин капс. 500мг №20,Фармленд №205ул.Ахметова д.297,62.1,16
Амоксициллин капс. 500мг №20,Фармленд №205ул.Ахметова д.297,74.8,148
Амоксициллин капс. 500мг №20,Аптека Фармленд №946ул.Жукова д.3/1  ,71.79,2
Амоксициллин капс. 500мг №20,Фармленд №500ул.Менделеева д.128/3,71.79,1
"Амоксициллин Сандоз таблетки 1000 мг, 12 шт.",Фармленд №500ул.Менделеева д.128/3,166.62,4
"Амоксициллин Сандоз таблетки 1000 мг, 12 шт.",Фармленд №500ул.Менделеева д.128/3,173.72,3
Амоксициллин капс. 500мг №20,Фармленд №10ул.Вологодская д.34,73.23,11
Амоксициллин капс. 500мг №20,Фармленд №258ул.Гафури д.50  ,74.8,12
"Амоксициллин Сандоз таблетки 1000 мг, 12 шт.",Фармленд №258ул.Гафури д.50  ,166.62,20
"Амоксициллин Сандоз таблетки 1000 мг, 12 шт.",Фармленд №258ул.Гафури д.50  ,173.72,2
Амоксициллин капс. 500мг №20,Фармленд №256пр-кт Октября д.106 ,76.19,10
"Амоксициллин Сандоз таблетки 1000 мг, 12 шт.","Фармленд №100 ул. Транспортная, 46",166.62,5
"Амоксициллин Сандоз таблетки 1000 мг, 12 шт.","Фармленд №100 ул. Транспортная, 46",173.72,1
"Амоксициллин Сандоз таблетки 1000 мг, 12 шт.",Фармленд №112ул.Коммунистическая д.45,166.62,2
"Амоксициллин Сандоз таблетки 1000 мг, 12 шт.","Фармленд №230 ул. Р. Зорге, 45",166.62,1
"Амоксициллин Сандоз таблетки 1000 мг, 12 шт.","Фармленд №230 ул. Р. Зорге, 45",174.34,10
"Вигамокс капли глазные 0,5%, 5 мл","Хабирова Д.А. (Здравсити)Братьев Кадомцевых, д. 8",223.0,1
"Амоксиклав Квиктаб таблетки 1000 мг, 14 шт.",Фармленд №500ул.Менделеева д.128/3,457.81,17
Аугментин таб.п.о.250мг+125мг №20,"Мед-Арт ООО (Здравсити)Высоковольтная, д. 10",236.0,1
"Вигамокс капли глазные 0,5%, 5 мл","Хабирова Д.А. (Здравсити)Ленина, д. 122",223.0,1
"Амоксиклав Квиктаб таблетки 1000 мг, 14 шт.",Фармленд №514ул.Первомайская д.98  ,457.81,6
Аугментин таб.п.о.250мг+125мг №20,"Мед-Арт ООО (Здравсити)Кирова, д. 46",236.0,1
"Вигамокс капли глазные 0,5%, 5 мл","Хабирова Д.А. ИП (Здравсити)Королева, д. 10",223.0,1
"Амоксиклав Квиктаб таблетки 1000 мг, 14 шт.",Фармленд №55ул.Ленина д.21,457.81,10
"Амоксиклав Квиктаб таблетки 1000 мг, 14 шт.",Фармленд №55ул.Ленина д.21,443.77,3
Аугментин таб.п.о.250мг+125мг №20,"Мед-Арт ООО (Здравсити)Проспект Октября, д. 23/2",236.0,1
"Вигамокс капли глазные 0,5%, 5 мл",Аптека Фармленд №111ул.Цурюпа 79б,228.71,15
Аугментин таб.п.о.250мг+125мг №20,"Набиева Г.Р. (Здравсити)Гагарина, д. 1",236.0,1
"Вигамокс капли глазные 0,5%, 5 мл",Аптека Фармленд №946ул.Жукова д.3/1  ,228.71,2
"Амоксиклав Квиктаб таблетки 1000 мг, 14 шт.",Фармленд №86ул.Батырская д.6,457.81,1
"Вигамокс капли глазные 0,5%, 5 мл","Фармленд №103ул. А. Королева, 2",228.71,5
"Вигамокс капли глазные 0,5%, 5 мл","Фармленд №175 ул. С. Перовской, 52/2",228.71,2
Амоксициллин капс. 500мг №20,Фармленд №10ул.Вологодская д.34,73.23,11
Амоксициллин капс. 500мг №20,Фармленд №205ул.Ахметова д.297,74.8,148
Амоксициллин капс. 500мг №20,Фармленд №258ул.Гафури д.50  ,74.8,12
"Амоксициллин Сандоз таблетки 1000 мг, 12 шт.",Фармленд №258ул.Гафури д.50  ,166.62,20
"Амоксициллин Сандоз таблетки 1000 мг, 12 шт.",Фармленд №258ул.Гафури д.50  ,173.72,2
Амоксициллин капс. 500мг №20,Фармленд №256пр-кт Октября д.106 ,76.19,10
"Амоксициллин Сандоз таблетки 1000 мг, 12 шт.",Фармленд №256пр-кт Октября д.106 ,167.43,9
"Амоксициллин Сандоз таблетки 1000 мг, 12 шт.",Фармленд №256пр-кт Октября д.106 ,174.37,10
"Амоксициллин Сандоз таблетки 1000 мг, 12 шт.","Фармленд №100 ул. Транспортная, 46",166.62,5
"Амоксициллин Сандоз таблетки 1000 мг, 12 шт.","Фармленд №100 ул. Транспортная, 46",173.72,1
"Амоксициллин Сандоз таблетки 1000 мг, 12 шт.",Фармленд №112ул.Коммунистическая д.45,166.62,2
"Амоксициллин Сандоз таблетки 1000 мг, 12 шт.","Фармленд №230 ул. Р. Зорге, 45",166.62,1
"Амоксициллин Сандоз таблетки 1000 мг, 12 шт.","Фармленд №230 ул. Р. Зорге, 45",174.34,10
"Амоксициллин Сандоз таблетки 1000 мг, 12 шт.","Фармленд №300ул. Шафиева, 28",166.62,9
"Амоксициллин Сандоз таблетки 1000 мг, 12 шт.",Фармленд №500ул.Менделеева д.128/3,166.62,4
"Амоксициллин Сандоз таблетки 1000 мг, 12 шт.",Фармленд №500ул.Менделеева д.128/3,173.72,3
"Амоксициллин Сандоз таблетки 1000 мг, 12 шт.",Фармленд №55ул.Ленина д.21,166.62,3
"Амоксициллин Сандоз таблетки 1000 мг, 12 шт.",Фармленд №86ул.Батырская д.6,166.62,3
"Амоксициллин Сандоз таблетки 1000 мг, 12 шт.","Фармленд №97 ул. Ухтомского, 17",166.62,2
"Амоксициллин Сандоз таблетки 1000 мг, 12 шт.",Аптека Фармленд №111ул.Цурюпа 79б,173.72,18
"Вигамокс капли глазные 0,5%, 5 мл","Камви ООО (Здравсити)Владивостокская, д. 12",223.0,1
"Вигамокс капли глазные 0,5%, 5 мл","Максавит (Здравсити)Гагарина, д. 18",223.0,1
"Вигамокс капли глазные 0,5%, 5 мл","Максавит (Здравсити)Максима Рыльского, д. 13",223.0,1
"Вигамокс капли глазные 0,5%, 5 мл","Мед-Арт ООО (Здравсити)Высоковольтная, д. 10",223.0,1
Аугментин таб.п.о.250мг+125мг №20,"350 ЦРА (Здравсити)Нежинская, д. 28",236.0,1
Аугментин таб.п.о.250мг+125мг №20,"350 ЦРА (Здравсити)проспект Октября, д. 6",236.0,1
Аугментин таб.п.о.250мг+125мг №20,"350 ЦРА (Здравсити)Хмельницкого, д. 88",236.0,1
Аугментин таб.п.о.250мг+125мг №20,"АПТЕКА-ГАРМОНИЯ (Здравсити)проспект Октября, д. 81/1",236.0,1
"Амоксиклав Квиктаб таблетки 1000 мг, 14 шт.",Фармленд №10ул.Вологодская д.34,377.95,4
Аугментин таб.п.о.250мг+125мг №20,"Аптекарь (Здравсити)Чернышевского, д. 84",236.0,1
"Амоксиклав Квиктаб таблетки 1000 мг, 14 шт.",Фармленд №184ул.50 лет СССР   д.50,385.48,6
"Амоксиклав Квиктаб таблетки 1000 мг, 14 шт.","Фармленд №300ул. Шафиева, 28",385.48,31
"Амоксиклав Квиктаб таблетки 1000 мг, 14 шт.","Фармленд №300ул. Шафиева, 28",370.74,5
"Амоксиклав Квиктаб таблетки 1000 мг, 14 шт.","Фармленд №100 ул. Транспортная, 46",392.0,3
"Амоксиклав Квиктаб таблетки 1000 мг, 14 шт.",Фармленд №55ул.Ленина д.21,443.77,3
"Амоксиклав Квиктаб таблетки 1000 мг, 14 шт.",Фармленд №55ул.Ленина д.21,457.81,10
"Амоксиклав Квиктаб таблетки 1000 мг, 14 шт.","Фармленд №97 ул. Ухтомского, 17",443.78,1
"Амоксиклав Квиктаб таблетки 1000 мг, 14 шт.","Фармленд №97 ул. Ухтомского, 17",457.81,1
Амоксициллин капс. 250мг N16,"Фармленд №125 ул. Мубарякова, 10/1",54.9,4
Амоксициллин капс. 250мг N16,"Фармленд №100 ул. Транспортная, 46",55.19,1
Амоксициллин капс. 250мг N16,"Фармленд №100 ул. Транспортная, 46",52.93,1
Амоксициллин капс. 250мг N16,Фармленд №112ул.Коммунистическая д.45,55.19,2
Амоксициллин капс. 250мг N16,"Фармленд №128ул. З. Валиди, 58",55.19,1
Амоксициллин капс. 250мг N16,"Фармленд №175 ул. С. Перовской, 52/2",55.19,3
Амоксициллин капс. 250мг N16,Фармленд №205ул.Ахметова д.297,55.19,9
Амоксициллин капс. 250мг N16,Фармленд №23пр.Октября 11   ,55.19,3
Амоксициллин капс. 250мг N16,Фармленд №24ул.Рыльского д.13,55.19,5
Амоксициллин капс. 250мг N16,"Фармленд №300ул. Шафиева, 28",55.19,2
Амоксициллин капс. 250мг N16,"Фармленд №300ул. Шафиева, 28",54.37,1
Амоксициллин капс. 250мг N16,Фармленд №500ул.Менделеева д.128/3,55.19,8
Амоксициллин капс. 250мг N16,Фармленд №514ул.Первомайская д.98  ,55.19,6
Амоксициллин капс. 250мг N16,Фармленд №10ул.Вологодская д.34,55.64,5
Амоксициллин капс. 250мг N16,"Фармленд №224 ул. Первомайская, 23",55.64,6
Амоксициллин капс. 250мг N16,Фармленд №256пр-кт Октября д.106 ,55.64,4
Аугментин таб.п.о.250мг+125мг №20,"350 ЦРА (Здравсити)проспект Октября, д. 6",236.0,1
Аугментин таб.п.о.250мг+125мг №20,"350 ЦРА (Здравсити)Хмельницкого, д. 88",236.0,1
Аугментин таб.п.о.250мг+125мг №20,"АПТЕКА-ГАРМОНИЯ (Здравсити)проспект Октября, д. 81/1",236.0,1
"Амоксиклав Квиктаб таблетки 1000 мг, 14 шт.",Фармленд №10ул.Вологодская д.34,377.95,4
Аугментин таб.п.о.250мг+125мг №20,"Аптекарь (Здравсити)Чернышевского, д. 84",236.0,1
"Амоксиклав Квиктаб таблетки 1000 мг, 14 шт.",Фармленд №184ул.50 лет СССР   д.50,385.48,6
"Амоксиклав Квиктаб таблетки 1000 мг, 14 шт.","Фармленд №300ул. Шафиева, 28",385.48,31
"Амоксиклав Квиктаб таблетки 1000 мг, 14 шт.","Фармленд №300ул. Шафиева, 28",370.74,5
"Амоксиклав Квиктаб таблетки 1000 мг, 14 шт.",Фармленд №55ул.Ленина д.21,443.77,3
"Амоксиклав Квиктаб таблетки 1000 мг, 14 шт.",Фармленд №55ул.Ленина д.21,457.81,10
"Амоксиклав Квиктаб таблетки 1000 мг, 14 шт.","Фармленд №97 ул. Ухтомского, 17",443.78,1
"Амоксиклав Квиктаб таблетки 1000 мг, 14 шт.","Фармленд №97 ул. Ухтомского, 17",457.81,1
"Амоксиклав Квиктаб таблетки 1000 мг, 14 шт.",Аптека Фармленд №111ул.Цурюпа 79б,457.81,46
"Амоксиклав Квиктаб таблетки 1000 мг, 14 шт.",Аптека Фармленд №946ул.Жукова д.3/1  ,457.81,6
"Амоксиклав Квиктаб таблетки 1000 мг, 14 шт.",Аптека Фармленд №951ул.Романтиков д.1  ,457.81,18
"Амоксиклав Квиктаб таблетки 1000 мг, 14 шт.","Фармленд №103ул. А. Королева, 2",457.81,8
"Амоксиклав Квиктаб таблетки 1000 мг, 14 шт.",Фармленд №112ул.Коммунистическая д.45,457.81,5
Аугментин таб.п.о.250мг+125мг №20,"Мед-Арт ООО (Здравсити)Кирова, д. 46",236.0,1
"Вигамокс капли глазные 0,5%, 5 мл","Хабирова Д.А. ИП (Здравсити)Королева, д. 10",223.0,1
"Амоксиклав Квиктаб таблетки 1000 мг, 14 шт.",Фармленд №55ул.Ленина д.21,457.81,10
"Амоксиклав Квиктаб таблетки 1000 мг, 14 шт.",Фармленд №55ул.Ленина д.21,443.77,3
Аугментин таб.п.о.250мг+125мг №20,"Мед-Арт ООО (Здравсити)Проспект Октября, д. 23/2",236.0,1
"Вигамокс капли глазные 0,5%, 5 мл",Аптека Фармленд №111ул.Цурюпа 79б,228.71,15
Аугментин таб.п.о.250мг+125мг №20,"Набиева Г.Р. (Здравсити)Гагарина, д. 1",236.0,1
"Вигамокс капли глазные 0,5%, 5 мл",Аптека Фармленд №946ул.Жукова д.3/1  ,228.71,2
"Амоксиклав Квиктаб таблетки 1000 мг, 14 шт.",Фармленд №86ул.Батырская д.6,457.81,1
"Вигамокс капли глазные 0,5%, 5 мл","Фармленд №103ул. А. Королева, 2",228.71,5
"Вигамокс капли глазные 0,5%, 5 мл","Фармленд №175 ул. С. Перовской, 52/2",228.71,2
Аугментин таб.п.о.250мг+125мг №20,"Набиева Г.Р. (Здравсити)Перовской, д. 23",236.0,1
"Вигамокс капли глазные 0,5%, 5 мл","Фармленд №97 ул. Ухтомского, 17",228.71,5
"Вигамокс капли глазные 0,5%, 5 мл",Фармленд №350ул.Дагестанская д.21  ,230.99,2
"Вигамокс капли глазные 0,5%, 5 мл",Фармленд №205ул.Ахметова д.297,236.67,1
"Вигамокс капли глазные 0,5%, 5 мл",Фармленд №205ул.Ахметова д.297,240.66,6
Аугментин таб.п.о.250мг+125мг №20,"ООО ФармСити (Здравсити)Дагестанская, д. 10/1",236.0,1
"Амоксициллин Сандоз таблетки 1000 мг, 12 шт.",Фармленд №112ул.Коммунистическая д.45,166.62,2
"Амоксициллин Сандоз таблетки 1000 мг, 12 шт.","Фармленд №230 ул. Р. Зорге, 45",166.62,1
"Амоксициллин Сандоз таблетки 1000 мг, 12 шт.","Фармленд №230 ул. Р. Зорге, 45",174.34,10
"Амоксициллин Сандоз таблетки 1000 мг, 12 шт.",Фармленд №258ул.Гафури д.50  ,166.62,20
"Амоксициллин Сандоз таблетки 1000 мг, 12 шт.",Фармленд №258ул.Гафури д.50  ,173.72,2
"Амоксициллин Сандоз таблетки 1000 мг, 12 шт.","Фармленд №300ул. Шафиева, 28",166.62,9
"Амоксициллин Сандоз таблетки 1000 мг, 12 шт.",Фармленд №500ул.Менделеева д.128/3,166.62,4
"Амоксициллин Сандоз таблетки 1000 мг, 12 шт.",Фармленд №500ул.Менделеева д.128/3,173.72,3
"Амоксициллин Сандоз таблетки 1000 мг, 12 шт.",Фармленд №55ул.Ленина д.21,166.62,3
"Амоксициллин Сандоз таблетки 1000 мг, 12 шт.",Фармленд №86ул.Батырская д.6,166.62,3
"Амоксициллин Сандоз таблетки 1000 мг, 12 шт.","Фармленд №97 ул. Ухтомского, 17",166.62,2
"Амоксициллин Сандоз таблетки 1000 мг, 12 шт.",Фармленд №256пр-кт Октября д.106 ,167.43,9
"Амоксициллин Сандоз таблетки 1000 мг, 12 шт.",Фармленд №256пр-кт Октября д.106 ,174.37,10
"Амоксициллин Сандоз таблетки 1000 мг, 12 шт.",Аптека Фармленд №111ул.Цурюпа 79б,173.72,18
"Амоксициллин Сандоз таблетки 1000 мг, 12 шт.","Фармленд №100 ул. Транспортная, 46",173.72,1
"Амоксициллин Сандоз таблетки 1000 мг, 12 шт.","Фармленд №100 ул. Транспортная, 46",166.62,5
"Амоксициллин Сандоз таблетки 1000 мг, 12 шт.","Фармленд №103ул. А. Королева, 2",173.72,8
"Амоксициллин Сандоз таблетки 1000 мг, 12 шт.","Фармленд №125 ул. Мубарякова, 10/1",173.72,7
"Амоксициллин Сандоз таблетки 1000 мг, 12 шт.","Фармленд №125 ул. Мубарякова, 10/1",175.06,1
"Амоксициллин Сандоз таблетки 1000 мг, 12 шт.","Фармленд №128ул. З. Валиди, 58",173.72,6
"Амоксициллин Сандоз таблетки 1000 мг, 12 шт.",Фармленд №184ул.50 лет СССР   д.50,173.72,3
Амоксициллин капс. 250мг N16,Фармленд №205ул.Ахметова д.297,55.19,9
"Амоксициллин капсулы 500 мг, 10 шт.",Фармленд №205ул.Ахметова д.297,36.32,2
Амоксициллин капс. 250мг N16,Фармленд №23пр.Октября 11   ,55.19,3
Амоксициллин капс. 250мг N16,Фармленд №24ул.Рыльского д.13,55.19,5
Амоксициллин капс. 250мг N16,"Фармленд №300ул. Шафиева, 28",55.19,2
Амоксициллин капс. 250мг N16,"Фармленд №300ул. Шафиева, 28",54.37,1
Амоксициллин капс. 250мг N16,Фармленд №500ул.Менделеева д.128/3,55.19,8
Амоксициллин капс. 250мг N16,Фармленд №514ул.Первомайская д.98  ,55.19,6
Амоксициллин капс. 250мг N16,Фармленд №10ул.Вологодская д.34,55.64,5
Амоксициллин капс. 250мг N16,"Фармленд №224 ул. Первомайская, 23",55.64,6
Амоксициллин капс. 250мг N16,Фармленд №256пр-кт Октября д.106 ,55.64,4
Амоксициллин капс. 250мг N16,"Доктор СтолетовУфа, улица Энтузиастов, 20",59.0,1
Аугментин таб.п.о.250мг+125мг №20,"111 ЦРА (Здравсити)40 лет Октября, д. 1",236.0,1
Аугментин таб.п.о.250мг+125мг №20,"111 ЦРА (Здравсити)Гафури, д. 6",236.0,1
Аугментин таб.п.о.250мг+125мг №20,"111 ЦРА (Здравсити)Зайнуллы Расулева, д. 6",236.0,1
Аугментин таб.п.о.250мг+125мг №20,"111 ЦРА (Здравсити)Ленина, д. 20",236.0,1
"Амоксициллин Сандоз таблетки 1000 мг, 12 шт.",Фармленд №55ул.Ленина д.21,166.62,3
"Амоксициллин Сандоз таблетки 1000 мг, 12 шт.",Фармленд №86ул.Батырская д.6,166.62,3
"Амоксициллин Сандоз таблетки 1000 мг, 12 шт.","Фармленд №97 ул. Ухтомского, 17",166.62,2
"Амоксициллин Сандоз таблетки 1000 мг, 12 шт.",Фармленд №256пр-кт Октября д.106 ,167.43,9
"Амоксициллин Сандоз таблетки 1000 мг, 12 шт.",Фармленд №256пр-кт Октября д.106 ,174.37,10
"Амоксициллин Сандоз таблетки 1000 мг, 12 шт.","Фармленд №100 ул. Транспортная, 46",173.72,1
"Амоксициллин Сандоз таблетки 1000 мг, 12 шт.","Фармленд №100 ул. Транспортная, 46",166.62,5
"Амоксициллин Сандоз таблетки 1000 мг, 12 шт.","Фармленд №103ул. А. Королева, 2",173.72,8
"Амоксициллин Сандоз таблетки 1000 мг, 12 шт.","Фармленд №125 ул. Мубарякова, 10/1",173.72,7
"Амоксициллин Сандоз таблетки 1000 мг, 12 шт.","Фармленд №125 ул. Мубарякова, 10/1",175.06,1
"Амоксициллин Сандоз таблетки 1000 мг, 12 шт.","Фармленд №128ул. З. Валиди, 58",173.72,6
"Амоксициллин Сандоз таблетки 1000 мг, 12 шт.",Фармленд №184ул.50 лет СССР   д.50,173.72,3
"Амоксициллин Сандоз таблетки 1000 мг, 12 шт.",Фармленд №205ул.Ахметова д.297,173.72,4
"Амоксициллин Сандоз таблетки 1000 мг, 12 шт.",Фармленд №23пр.Октября 11   ,173.72,3
"Амоксициллин Сандоз таблетки 1000 мг, 12 шт.","Фармленд №234 ул. Ленина, 84",173.72,5
"Амоксициллин Сандоз таблетки 1000 мг, 12 шт.",Фармленд №258ул.Гафури д.50  ,173.72,2
"Амоксициллин Сандоз таблетки 1000 мг, 12 шт.",Фармленд №258ул.Гафури д.50  ,166.62,20
"Амоксициллин Сандоз таблетки 1000 мг, 12 шт.",Фармленд №350ул.Дагестанская д.21  ,173.72,13
"Амоксициллин Сандоз таблетки 1000 мг, 12 шт.",Фармленд №350ул.Дагестанская д.21  ,174.34,19
"Амоксициллин Сандоз таблетки 1000 мг, 12 шт.",Фармленд №350ул.Дагестанская д.21  ,174.98,1
"Амоксициллин Сандоз таблетки 1000 мг, 12 шт.",Фармленд №350ул.Дагестанская д.21  ,176.44,10
"Амоксиклав Квиктаб таблетки 1000 мг, 14 шт.",Фармленд №184ул.50 лет СССР   д.50,385.48,6
"Амоксиклав Квиктаб таблетки 1000 мг, 14 шт.","Фармленд №300ул. Шафиева, 28",385.48,31
"Амоксиклав Квиктаб таблетки 1000 мг, 14 шт.","Фармленд №300ул. Шафиева, 28",370.74,5
"Амоксиклав Квиктаб таблетки 1000 мг, 14 шт.","Фармленд №100 ул. Транспортная, 46",392.0,3
"Амоксиклав Квиктаб таблетки 1000 мг, 14 шт.",Фармленд №55ул.Ленина д.21,443.77,3
"Амоксиклав Квиктаб таблетки 1000 мг, 14 шт.",Фармленд №55ул.Ленина д.21,457.81,10
"Амоксиклав Квиктаб таблетки 1000 мг, 14 шт.","Фармленд №97 ул. Ухтомского, 17",443.78,1
"Амоксиклав Квиктаб таблетки 1000 мг, 14 шт.","Фармленд №97 ул. Ухтомского, 17",457.81,1
"Амоксиклав Квиктаб таблетки 1000 мг, 14 шт.",Аптека Фармленд №111ул.Цурюпа 79б,457.81,46
"Амоксиклав Квиктаб таблетки 1000 мг, 14 шт.",Аптека Фармленд №946ул.Жукова д.3/1  ,457.81,6
"Амоксиклав Квиктаб таблетки 1000 мг, 14 шт.",Аптека Фармленд №951ул.Романтиков д.1  ,457.81,18
"Амоксиклав Квиктаб таблетки 1000 мг, 14 шт.","Фармленд №103ул. А. Королева, 2",457.81,8
"Амоксиклав Квиктаб таблетки 1000 мг, 14 шт.",Фармленд №112ул.Коммунистическая д.45,457.81,5
"Амоксиклав Квиктаб таблетки 1000 мг, 14 шт.","Фармленд №125 ул. Мубарякова, 10/1",457.81,17
"Амоксиклав Квиктаб таблетки 1000 мг, 14 шт.","Фармленд №128ул. З. Валиди, 58",457.81,21
"Амоксиклав Квиктаб таблетки 1000 мг, 14 шт.","Фармленд №175 ул. С. Перовской, 52/2",457.81,2
"Вигамокс капли глазные 0,5%, 5 мл","Мед-Арт ООО (Здравсити)Кирова, д. 46",223.0,1
Аугментин таб.п.о.250мг+125мг №20,"АРНИКА (Здравсити)Чернышевского, д. 75",236.0,1
Аугментин таб.п.о.250мг+125мг №20,"Набиева Г.Р. (Здравсити)Гагарина, д. 1",236.0,1
"Вигамокс капли глазные 0,5%, 5 мл",Аптека Фармленд №946ул.Жукова д.3/1  ,228.71,2
"Амоксиклав Квиктаб таблетки 1000 мг, 14 шт.",Фармленд №86ул.Батырская д.6,457.81,1
"Вигамокс капли глазные 0,5%, 5 мл","Фармленд №103ул. А. Королева, 2",228.71,5
"Вигамокс капли глазные 0,5%, 5 мл","Фармленд №175 ул. С. Перовской, 52/2",228.71,2
Аугментин таб.п.о.250мг+125мг №20,"Набиева Г.Р. (Здравсити)Перовской, д. 23",236.0,1
"Вигамокс капли глазные 0,5%, 5 мл","Фармленд №97 ул. Ухтомского, 17",228.71,5
"Вигамокс капли глазные 0,5%, 5 мл",Фармленд №350ул.Дагестанская д.21  ,230.99,2
"Вигамокс капли глазные 0,5%, 5 мл",Фармленд №205ул.Ахметова д.297,236.67,1
"Вигамокс капли глазные 0,5%, 5 мл",Фармленд №205ул.Ахметова д.297,240.66,6
Аугментин таб.п.о.250мг+125мг №20,"ООО ФармСити (Здравсити)Дагестанская, д. 10/1",236.0,1
"Вигамокс капли глазные 0,5%, 5 мл",Аптека Фармленд №951ул.Романтиков д.1  ,240.66,3
Аугментин таб.п.о.250мг+125мг №20,"ООО ""ФАРМЭКС"" (Здравсити)Комсомольская, д. 163/2",236.0,1
"Вигамокс капли глазные 0,5%, 5 мл",Фармленд №112ул.Коммунистическая д.45,240.66,2
Аугментин таб.п.о.250мг+125мг №20,"ООО ""ФАРМЭКС"" (Здравсити)Менделеева, д. 177/1",236.0,1
Аугментин таб.п.о.250мг+125мг №20,"Ригла (Здравсити)Гагарина, д. 23",236.0,1
Амоксициллин капс. 250мг N16,Фармленд №514ул.Первомайская д.98  ,55.19,6
Амоксициллин капс. 250мг N16,Фармленд №10ул.Вологодская д.34,55.64,5
"Вигамокс капли глазные 0,5%, 5 мл",Фармленд №10ул.Вологодская д.34,200.0,6
Амоксициллин капс. 250мг N16,"Фармленд №224 ул. Первомайская, 23",55.64,6
Амоксициллин капс. 250мг N16,Фармленд №256пр-кт Октября д.106 ,55.64,4
Амоксициллин капс. 250мг N16,"Доктор СтолетовУфа, улица Энтузиастов, 20",59.0,1
"Амоксициллин капсулы 500 мг, 10 шт.",Фармленд №205ул.Ахметова д.297,36.32,2
Аугментин таб.п.о.250мг+125мг №20,"111 ЦРА (Здравсити)40 лет Октября, д. 1",236.0,1
"Вигамокс капли глазные 0,5%, 5 мл","111 ЦРА (Здравсити)40 лет Октября, д. 1",223.0,1
Аугментин таб.п.о.250мг+125мг №20,"111 ЦРА (Здравсити)Гафури, д. 6",236.0,1
Аугментин таб.п.о.250мг+125мг №20,"111 ЦРА (Здравсити)Зайнуллы Расулева, д. 6",236.0,1
Аугментин таб.п.о.250мг+125мг №20,"111 ЦРА (Здравсити)Ленина, д. 20",236.0,1
Аугментин таб.п.о.250мг+125мг №20,"111 ЦРА (Здравсити)Менделеева, д. 9",236.0,1
Аугментин таб.п.о.250мг+125мг №20,"111 ЦРА (Здравсити)Мубарякова, д. 3",236.0,1
"Вигамокс капли глазные 0,5%, 5 мл","Фармленд №300ул. Шафиева, 28",200.0,3
"Амоксициллин Сандоз таблетки 1000 мг, 12 шт.","Фармленд №103ул. А. Королева, 2",173.72,8
"Амоксициллин Сандоз таблетки 1000 мг, 12 шт.",Фармленд №205ул.Ахметова д.297,173.72,4
"Амоксициллин Сандоз таблетки 1000 мг, 12 шт.",Фармленд №23пр.Октября 11   ,173.72,3
"Амоксициллин Сандоз таблетки 1000 мг, 12 шт.","Фармленд №234 ул. Ленина, 84",173.72,5
"Амоксициллин Сандоз таблетки 1000 мг, 12 шт.",Фармленд №258ул.Гафури д.50  ,173.72,2
"Амоксициллин Сандоз таблетки 1000 мг, 12 шт.",Фармленд №258ул.Гафури д.50  ,166.62,20
"Амоксициллин Сандоз таблетки 1000 мг, 12 шт.",Фармленд №350ул.Дагестанская д.21  ,173.72,13
"Амоксициллин Сандоз таблетки 1000 мг, 12 шт.",Фармленд №350ул.Дагестанская д.21  ,174.34,19
"Амоксициллин Сандоз таблетки 1000 мг, 12 шт.",Фармленд №350ул.Дагестанская д.21  ,174.98,1
"Амоксициллин Сандоз таблетки 1000 мг, 12 шт.",Фармленд №350ул.Дагестанская д.21  ,176.44,10
"Амоксициллин Сандоз таблетки 1000 мг, 12 шт.",Фармленд №500ул.Менделеева д.128/3,173.72,3
"Амоксициллин Сандоз таблетки 1000 мг, 12 шт.",Фармленд №500ул.Менделеева д.128/3,166.62,4
"Амоксициллин Сандоз таблетки 1000 мг, 12 шт.",Фармленд №580ул.Достоевского д.107,173.72,5
"Амоксициллин Сандоз таблетки 1000 мг, 12 шт.",Фармленд №580ул.Достоевского д.107,176.44,1
"Амоксициллин Сандоз таблетки 1000 мг, 12 шт.",Аптека Фармленд №946ул.Жукова д.3/1  ,174.34,8
"Амоксициллин Сандоз таблетки 1000 мг, 12 шт.",Аптека Фармленд №946ул.Жукова д.3/1  ,175.03,1
"Амоксициллин Сандоз таблетки 1000 мг, 12 шт.","Фармленд №230 ул. Р. Зорге, 45",174.34,10
"Амоксициллин Сандоз таблетки 1000 мг, 12 шт.","Фармленд №230 ул. Р. Зорге, 45",166.62,1
"Амоксициллин капсулы 500 мг, 10 шт.",Фармленд №205ул.Ахметова д.297,36.32,2
Аугментин таб.п.о.250мг+125мг №20,"111 ЦРА (Здравсити)40 лет Октября, д. 1",236.0,1
"Вигамокс капли глазные 0,5%, 5 мл","111 ЦРА (Здравсити)40 лет Октября, д. 1",223.0,1
Аугментин таб.п.о.250мг+125мг №20,"111 ЦРА (Здравсити)Гафури, д. 6",236.0,1
"Вигамокс капли глазные 0,5%, 5 мл","111 ЦРА (Здравсити)Гафури, д. 6",223.0,1
Аугментин таб.п.о.250мг+125мг №20,"111 ЦРА (Здравсити)Зайнуллы Расулева, д. 6",236.0,1
"Вигамокс капли глазные 0,5%, 5 мл","111 ЦРА (Здравсити)Зайнуллы Расулева, д. 6",223.0,1
Аугментин таб.п.о.250мг+125мг №20,"111 ЦРА (Здравсити)Ленина, д. 20",236.0,1
"Вигамокс капли глазные 0,5%, 5 мл","111 ЦРА (Здравсити)Ленина, д. 20",223.0,1
Аугментин таб.п.о.250мг+125мг №20,"111 ЦРА (Здравсити)Менделеева, д. 9",236.0,1
Аугментин таб.п.о.250мг+125мг №20,"111 ЦРА (Здравсити)Мубарякова, д. 3",236.0,1
"Вигамокс капли глазные 0,5%, 5 мл",Фармленд №10ул.Вологодская д.34,200.0,6
"Вигамокс капли глазные 0,5%, 5 мл","Фармленд №300ул. Шафиева, 28",200.0,3
"Вигамокс капли глазные 0,5%, 5 мл",Фармленд №184ул.50 лет СССР   д.50,203.2,2
"Вигамокс капли глазные 0,5%, 5 мл","Фармленд №100 ул. Транспортная, 46",219.0,1
"Амоксиклав Квиктаб таблетки 1000 мг, 14 шт.",Аптека Фармленд №111ул.Цурюпа 79б,457.81,46
"Амоксиклав Квиктаб таблетки 1000 мг, 14 шт.",Аптека Фармленд №946ул.Жукова д.3/1  ,457.81,6
"Амоксиклав Квиктаб таблетки 1000 мг, 14 шт.","Фармленд №103ул. А. Королева, 2",457.81,8
"Амоксиклав Квиктаб таблетки 1000 мг, 14 шт.",Фармленд №112ул.Коммунистическая д.45,457.81,5
"Амоксиклав Квиктаб таблетки 1000 мг, 14 шт.","Фармленд №125 ул. Мубарякова, 10/1",457.81,17
"Амоксиклав Квиктаб таблетки 1000 мг, 14 шт.","Фармленд №128ул. З. Валиди, 58",457.81,21
"Амоксиклав Квиктаб таблетки 1000 мг, 14 шт.","Фармленд №175 ул. С. Перовской, 52/2",457.81,2
"Вигамокс капли глазные 0,5%, 5 мл","Мед-Арт ООО (Здравсити)Кирова, д. 46",223.0,1
Аугментин таб.п.о.250мг+125мг №20,"АРНИКА (Здравсити)Чернышевского, д. 75",236.0,1
Аугментин таб.п.о.250мг+125мг №20,"Бриз ООО (Здравсити)Айская, д. 83",236.0,1
Аугментин таб.п.о.250мг+125мг №20,"Бриз ООО (Здравсити)Таллинская, д. 16",236.0,1
Аугментин таб.п.о.250мг+125мг №20,"ВиВ ООО (Здравсити)Ульяновых, д. 15",236.0,1
Аугментин таб.п.о.250мг+125мг №20,"Витаминка (Здравсити)пл Верхнеторговая, д. 1",236.0,1
Аугментин таб.п.о.250мг+125мг №20,"Витаминка (Здравсити)Вологодская, д. 32/1",236.0,1
"Амоксициллин Сандоз таблетки 1000 мг, 12 шт.",Фармленд №205ул.Ахметова д.297,173.72,4
"Амоксициллин Сандоз таблетки 1000 мг, 12 шт.",Фармленд №23пр.Октября 11   ,173.72,3
"Амоксициллин Сандоз таблетки 1000 мг, 12 шт.","Фармленд №234 ул. Ленина, 84",173.72,5
"Амоксициллин Сандоз таблетки 1000 мг, 12 шт.",Фармленд №258ул.Гафури д.50  ,173.72,2
"Амоксициллин Сандоз таблетки 1000 мг, 12 шт.",Фармленд №258ул.Гафури д.50  ,166.62,20
"Амоксициллин Сандоз таблетки 1000 мг, 12 шт.",Фармленд №350ул.Дагестанская д.21  ,173.72,13
"Амоксициллин Сандоз таблетки 1000 мг, 12 шт.",Фармленд №350ул.Дагестанская д.21  ,174.34,19
"Амоксициллин Сандоз таблетки 1000 мг, 12 шт.",Фармленд №350ул.Дагестанская д.21  ,174.98,1
"Амоксициллин Сандоз таблетки 1000 мг, 12 шт.",Фармленд №350ул.Дагестанская д.21  ,176.44,10
"Амоксициллин Сандоз таблетки 1000 мг, 12 шт.",Фармленд №500ул.Менделеева д.128/3,173.72,3
"Амоксициллин Сандоз таблетки 1000 мг, 12 шт.",Фармленд №500ул.Менделеева д.128/3,166.62,4
"Амоксициллин Сандоз таблетки 1000 мг, 12 шт.",Фармленд №514ул.Первомайская д.98  ,173.72,11
"Амоксициллин Сандоз таблетки 1000 мг, 12 шт.",Фармленд №514ул.Первомайская д.98  ,174.34,7
"Амоксициллин Сандоз таблетки 1000 мг, 12 шт.",Фармленд №580ул.Достоевского д.107,173.72,5
"Амоксициллин Сандоз таблетки 1000 мг, 12 шт.",Фармленд №580ул.Достоевского д.107,176.44,1
"Амоксициллин Сандоз таблетки 1000 мг, 12 шт.",Аптека Фармленд №946ул.Жукова д.3/1  ,174.34,8
"Амоксициллин Сандоз таблетки 1000 мг, 12 шт.",Аптека Фармленд №946ул.Жукова д.3/1  ,175.03,1
"Амоксициллин Сандоз таблетки 1000 мг, 12 шт.","Фармленд №230 ул. Р. Зорге, 45",174.34,10
"Амоксициллин Сандоз таблетки 1000 мг, 12 шт.","Фармленд №230 ул. Р. Зорге, 45",166.62,1
"Амоксициллин Сандоз таблетки 1000 мг, 12 шт.","Фармленд №231 ул. К. Маркса, 44",174.34,5
"Амоксициллин Сандоз таблетки 1000 мг, 12 шт.","Фармленд №231 ул. К. Маркса, 44",175.06,7
"Амоксициллин Сандоз таблетки 1000 мг, 12 шт.","Фармленд №231 ул. К. Маркса, 44",176.41,1
"Амоксициллин Сандоз таблетки 1000 мг, 12 шт.",Фармленд №10ул.Вологодская д.34,174.37,10
"Амоксициллин Сандоз таблетки 1000 мг, 12 шт.",Фармленд №10ул.Вологодская д.34,175.8,3
"Амоксициллин Сандоз таблетки 1000 мг, 12 шт.",Фармленд №256пр-кт Октября д.106 ,174.37,10
"Амоксициллин Сандоз таблетки 1000 мг, 12 шт.",Фармленд №256пр-кт Октября д.106 ,167.43,9
Аугментин таб.п.о.250мг+125мг №20,"111 ЦРА (Здравсити)Менделеева, д. 9",236.0,1
"Вигамокс капли глазные 0,5%, 5 мл","111 ЦРА (Здравсити)Менделеева, д. 9",223.0,1
"Вигамокс капли глазные 0,5%, 5 мл","111 ЦРА (Здравсити)40 лет Октября, д. 1",223.0,1
Аугментин таб.п.о.250мг+125мг №20,"111 ЦРА (Здравсити)Мубарякова, д. 3",236.0,1
"Вигамокс капли глазные 0,5%, 5 мл","111 ЦРА (Здравсити)Мубарякова, д. 3",223.0,1
"Вигамокс капли глазные 0,5%, 5 мл",Фармленд №10ул.Вологодская д.34,200.0,6
"Вигамокс капли глазные 0,5%, 5 мл","Фармленд №300ул. Шафиева, 28",200.0,3
"Вигамокс капли глазные 0,5%, 5 мл",Фармленд №184ул.50 лет СССР   д.50,203.2,2
"Вигамокс капли глазные 0,5%, 5 мл","Фармленд №100 ул. Транспортная, 46",219.0,1
"Вигамокс капли глазные 0,5%, 5 мл","111 ЦРА (Здравсити)Гафури, д. 6",223.0,1
"Вигамокс капли глазные 0,5%, 5 мл","111 ЦРА (Здравсити)Зайнуллы Расулева, д. 6",223.0,1
"Вигамокс капли глазные 0,5%, 5 мл","111 ЦРА (Здравсити)Ленина, д. 20",223.0,1
"Вигамокс капли глазные 0,5%, 5 мл","111 ЦРА (Здравсити)Рабкоров, д. 20",223.0,1
"Вигамокс капли глазные 0,5%, 5 мл","111 ЦРА (Здравсити)Российская, д. 68",223.0,1
"Вигамокс капли глазные 0,5%, 5 мл","111 ЦРА (Здравсити)Ухтомского, д. 12",223.0,1
"Амоксиклав Квиктаб таблетки 1000 мг, 14 шт.","Фармленд №125 ул. Мубарякова, 10/1",457.81,17
"Амоксиклав Квиктаб таблетки 1000 мг, 14 шт.","Фармленд №128ул. З. Валиди, 58",457.81,21
"Амоксиклав Квиктаб таблетки 1000 мг, 14 шт.","Фармленд №175 ул. С. Перовской, 52/2",457.81,2
"Вигамокс капли глазные 0,5%, 5 мл","Мед-Арт ООО (Здравсити)Кирова, д. 46",223.0,1
Аугментин таб.п.о.250мг+125мг №20,"АРНИКА (Здравсити)Чернышевского, д. 75",236.0,1
Аугментин таб.п.о.250мг+125мг №20,"Бриз ООО (Здравсити)Айская, д. 83",236.0,1
Аугментин таб.п.о.250мг+125мг №20,"Бриз ООО (Здравсити)Таллинская, д. 16",236.0,1
Аугментин таб.п.о.250мг+125мг №20,"ВиВ ООО (Здравсити)Ульяновых, д. 15",236.0,1
Аугментин таб.п.о.250мг+125мг №20,"Витаминка (Здравсити)пл Верхнеторговая, д. 1",236.0,1
Аугментин таб.п.о.250мг+125мг №20,"Витаминка (Здравсити)Вологодская, д. 32/1",236.0,1
Аугментин таб.п.о.250мг+125мг №20,"Витаминка (Здравсити)Гагарина, д. 57/2",236.0,1
Аугментин таб.п.о.250мг+125мг №20,"Витаминка (Здравсити)Ленина, д. 83",236.0,1
Аугментин таб.п.о.250мг+125мг №20,"Витаминка (Здравсити)Менделеева, д. 137",236.0,1
Аугментин таб.п.о.250мг+125мг №20,"Витаминка (Здравсити)Менделеева, д. 140/1",236.0,1
Аугментин таб.п.о.250мг+125мг №20,"Витаминка (Здравсити)Мушникова, д. 11",236.0,1
"Флемоксин Солютаб таблетки 125 мг, 20 шт. по рецепту","Фармленд №224 ул. Первомайская, 23",239.3,7
"Флемоксин Солютаб таблетки 125 мг, 20 шт. по рецепту",Фармленд №256пр-кт Октября д.106 ,239.3,8
"Флемоксин Солютаб таблетки 125 мг, 20 шт. по рецепту","Фармленд №231 ул. К. Маркса, 44",239.71,1
"Флемоксин Солютаб таблетки 125 мг, 20 шт. по рецепту","Фармленд №300ул. Шафиева, 28",239.71,1
"Флемоксин Солютаб таблетки 125 мг, 20 шт. по рецепту",Фармленд №350ул.Дагестанская д.21  ,239.71,2
"Флемоксин Солютаб таблетки 125 мг, 20 шт. по рецепту",Фармленд №350ул.Дагестанская д.21  ,237.69,4
"Флемоксин Солютаб таблетки 125 мг, 20 шт. по рецепту",Фармленд №55ул.Ленина д.21,239.71,3
"Флемоксин Солютаб таблетки 125 мг, 20 шт. по рецепту",Фармленд №580ул.Достоевского д.107,239.71,3
"Флемоксин Солютаб таблетки 125 мг, 20 шт. по рецепту",Фармленд №205ул.Ахметова д.297,240.02,2
"Флемоксин Солютаб таблетки 125 мг, 20 шт. по рецепту",Фармленд №205ул.Ахметова д.297,237.71,6
"Флемоксин Солютаб таблетки 125 мг, 20 шт. по рецепту",Фармленд №205ул.Ахметова д.297,246.9,16
"Флемоксин Солютаб таблетки 125 мг, 20 шт. по рецепту",Аптека Фармленд №951ул.Романтиков д.1  ,246.9,4
"Флемоксин Солютаб таблетки 125 мг, 20 шт. по рецепту","Фармленд №100 ул. Транспортная, 46",246.9,1
"Флемоксин Солютаб таблетки 125 мг, 20 шт. по рецепту","Фармленд №230 ул. Р. Зорге, 45",246.9,2
"Флемоксин Солютаб таблетки 125 мг, 20 шт. по рецепту",Фармленд №514ул.Первомайская д.98  ,246.9,1
"Флемоксин Солютаб таблетки 125 мг, 20 шт. по рецепту",Фармленд №514ул.Первомайская д.98  ,238.06,5
"Флемоксин Солютаб таблетки 125 мг, 20 шт. по рецепту",Фармленд №10ул.Вологодская д.34,247.1,1
"Флемоксин Солютаб таблетки 125 мг, 20 шт. по рецепту",Аптека Фармленд №111ул.Цурюпа 79б,247.95,5
"Амоксициллин Сандоз таблетки 1000 мг, 12 шт.",Фармленд №500ул.Менделеева д.128/3,173.72,3
"Амоксициллин Сандоз таблетки 1000 мг, 12 шт.",Фармленд №500ул.Менделеева д.128/3,166.62,4
"Амоксициллин Сандоз таблетки 1000 мг, 12 шт.",Фармленд №514ул.Первомайская д.98  ,173.72,11
"Амоксициллин Сандоз таблетки 1000 мг, 12 шт.",Фармленд №514ул.Первомайская д.98  ,174.34,7
"Амоксициллин Сандоз таблетки 1000 мг, 12 шт.",Фармленд №580ул.Достоевского д.107,173.72,5
"Амоксициллин Сандоз таблетки 1000 мг, 12 шт.",Фармленд №580ул.Достоевского д.107,176.44,1
"Амоксициллин Сандоз таблетки 1000 мг, 12 шт.",Аптека Фармленд №946ул.Жукова д.3/1  ,174.34,8
"Амоксициллин Сандоз таблетки 1000 мг, 12 шт.",Аптека Фармленд №946ул.Жукова д.3/1  ,175.03,1
"Амоксициллин Сандоз таблетки 1000 мг, 12 шт.","Фармленд №230 ул. Р. Зорге, 45",174.34,10
"Амоксициллин Сандоз таблетки 1000 мг, 12 шт.","Фармленд №230 ул. Р. Зорге, 45",166.62,1
"Амоксициллин Сандоз таблетки 1000 мг, 12 шт.",Фармленд №350ул.Дагестанская д.21  ,174.34,19
"Амоксициллин Сандоз таблетки 1000 мг, 12 шт.",Фармленд №350ул.Дагестанская д.21  ,173.72,13
"Амоксициллин Сандоз таблетки 1000 мг, 12 шт.",Фармленд №350ул.Дагестанская д.21  ,174.98,1
"Амоксициллин Сандоз таблетки 1000 мг, 12 шт.",Фармленд №350ул.Дагестанская д.21  ,176.44,10
"Амоксициллин Сандоз таблетки 1000 мг, 12 шт.",Фармленд №10ул.Вологодская д.34,174.37,10
"Амоксициллин Сандоз таблетки 1000 мг, 12 шт.",Фармленд №10ул.Вологодская д.34,175.8,3
"Амоксициллин Сандоз таблетки 1000 мг, 12 шт.",Фармленд №256пр-кт Октября д.106 ,174.37,10
"Амоксициллин Сандоз таблетки 1000 мг, 12 шт.",Фармленд №256пр-кт Октября д.106 ,167.43,9
"Амоксициллин Сандоз таблетки 1000 мг, 12 шт.","Фармленд №224 ул. Первомайская, 23",175.01,26
"Амоксициллин Сандоз таблетки 1000 мг, 12 шт.","Фармленд №125 ул. Мубарякова, 10/1",175.06,1
"Амоксициллин Сандоз таблетки 1000 мг, 12 шт.","Фармленд №125 ул. Мубарякова, 10/1",173.72,7
"Амоксициллин Сандоз таблетки 1000 мг, 12 шт.","Фармленд №175 ул. С. Перовской, 52/2",175.06,3
Аугментин таб.п.о.250мг+125мг №20,"Бриз ООО (Здравсити)Айская, д. 83",236.0,1
Аугментин таб.п.о.250мг+125мг №20,"Бриз ООО (Здравсити)Таллинская, д. 16",236.0,1
Аугментин таб.п.о.250мг+125мг №20,"ВиВ ООО (Здравсити)Ульяновых, д. 15",236.0,1
Аугментин таб.п.о.250мг+125мг №20,"Витаминка (Здравсити)пл Верхнеторговая, д. 1",236.0,1
Аугментин таб.п.о.250мг+125мг №20,"Витаминка (Здравсити)Вологодская, д. 32/1",236.0,1
Аугментин таб.п.о.250мг+125мг №20,"Витаминка (Здравсити)Гагарина, д. 57/2",236.0,1
Аугментин таб.п.о.250мг+125мг №20,"Витаминка (Здравсити)Ленина, д. 83",236.0,1
Аугментин таб.п.о.250мг+125мг №20,"Витаминка (Здравсити)Менделеева, д. 137",236.0,1
Аугментин таб.п.о.250мг+125мг №20,"Витаминка (Здравсити)Менделеева, д. 140/1",236.0,1
Аугментин таб.п.о.250мг+125мг №20,"Витаминка (Здравсити)Мушникова, д. 11",236.0,1
Аугментин таб.п.о.250мг+125мг №20,"Витаминка (Здравсити)Транспортная, д. 44",236.0,1
Аугментин таб.п.о.250мг+125мг №20,"Витаминка (Здравсити)Черниковская, д. 9",236.0,1
Аугментин таб.п.о.250мг+125мг №20,"Витаминка (Здравсити)Чернышевского, д. 122",236.0,1
Аугментин таб.п.о.250мг+125мг №20,"""Добрыйй доктор"" ИП Ханнанова (Здравсити)Сагита Агиша, д. 14",236.0,1
Аугментин таб.п.о.250мг+125мг №20,"ИП Фролова Е.В. (Здравсити)Свободы, д. 24, а",236.0,1
"Вигамокс капли глазные 0,5%, 5 мл",Фармленд №184ул.50 лет СССР   д.50,203.2,2
"Вигамокс капли глазные 0,5%, 5 мл","Фармленд №100 ул. Транспортная, 46",219.0,1
"Вигамокс капли глазные 0,5%, 5 мл","111 ЦРА (Здравсити)Гафури, д. 6",223.0,1
"Вигамокс капли глазные 0,5%, 5 мл","111 ЦРА (Здравсити)Зайнуллы Расулева, д. 6",223.0,1
"Вигамокс капли глазные 0,5%, 5 мл","111 ЦРА (Здравсити)Ленина, д. 20",223.0,1
"Вигамокс капли глазные 0,5%, 5 мл","111 ЦРА (Здравсити)Менделеева, д. 9",223.0,1
"Вигамокс капли глазные 0,5%, 5 мл","111 ЦРА (Здравсити)Мубарякова, д. 3",223.0,1
"Вигамокс капли глазные 0,5%, 5 мл","111 ЦРА (Здравсити)Рабкоров, д. 20",223.0,1
"Вигамокс капли глазные 0,5%, 5 мл","111 ЦРА (Здравсити)Российская, д. 68",223.0,1
"Вигамокс капли глазные 0,5%, 5 мл","111 ЦРА (Здравсити)Ухтомского, д. 12",223.0,1
"Вигамокс капли глазные 0,5%, 5 мл","350 ЦРА (Здравсити)Нежинская, д. 28",223.0,1
"Вигамокс капли глазные 0,5%, 5 мл","350 ЦРА (Здравсити)проспект Октября, д. 6",223.0,1
"Вигамокс капли глазные 0,5%, 5 мл","350 ЦРА (Здравсити)Хмельницкого, д. 88",223.0,1
"Вигамокс капли глазные 0,5%, 5 мл","АПТЕКА-ГАРМОНИЯ (Здравсити)проспект Октября, д. 81/1",223.0,1
"Вигамокс капли глазные 0,5%, 5 мл","Аптекарь (Здравсити)Чернышевского, д. 84",223.0,1
"Флемоксин Солютаб таблетки 125 мг, 20 шт. по рецепту",Фармленд №55ул.Ленина д.21,239.71,3
"Флемоксин Солютаб таблетки 125 мг, 20 шт. по рецепту",Фармленд №580ул.Достоевского д.107,239.71,3
"Флемоксин Солютаб таблетки 125 мг, 20 шт. по рецепту",Фармленд №205ул.Ахметова д.297,240.02,2
"Флемоксин Солютаб таблетки 125 мг, 20 шт. по рецепту",Фармленд №205ул.Ахметова д.297,237.71,6
"Флемоксин Солютаб таблетки 125 мг, 20 шт. по рецепту",Фармленд №205ул.Ахметова д.297,246.9,16
"Флемоксин Солютаб таблетки 125 мг, 20 шт. по рецепту",Аптека Фармленд №951ул.Романтиков д.1  ,246.9,4
"Флемоксин Солютаб таблетки 125 мг, 20 шт. по рецепту","Фармленд №100 ул. Транспортная, 46",246.9,1
"Флемоксин Солютаб таблетки 125 мг, 20 шт. по рецепту","Фармленд №230 ул. Р. Зорге, 45",246.9,2
"Флемоксин Солютаб таблетки 125 мг, 20 шт. по рецепту",Фармленд №514ул.Первомайская д.98  ,246.9,1
"Флемоксин Солютаб таблетки 125 мг, 20 шт. по рецепту",Фармленд №514ул.Первомайская д.98  ,238.06,5
"Флемоксин Солютаб таблетки 125 мг, 20 шт. по рецепту",Фармленд №10ул.Вологодская д.34,247.1,1
"Флемоксин Солютаб таблетки 125 мг, 20 шт. по рецепту",Аптека Фармленд №111ул.Цурюпа 79б,247.95,5
"Флемоксин Солютаб таблетки 125 мг, 20 шт. по рецепту",Фармленд №184ул.50 лет СССР   д.50,247.95,1
"Флемоксин Солютаб таблетки 125 мг, 20 шт. по рецепту",Фармленд №23пр.Октября 11   ,247.95,1
"Флемоксин Солютаб таблетки 125 мг, 20 шт. по рецепту","Фармленд №234 ул. Ленина, 84",247.95,4
"Флемоксин Солютаб таблетки 125 мг, 20 шт. по рецепту",Фармленд №24ул.Рыльского д.13,247.95,1
"Флемоксин Солютаб таблетки 125 мг, 20 шт. по рецепту",Фармленд №24ул.Рыльского д.13,238.06,9
"Флемоксин Солютаб таблетки 125 мг, 20 шт. по рецепту","Доктор СтолетовУфа, улица Энтузиастов, 20",262.0,1
"Амоксициллин Сандоз таблетки 1000 мг, 12 шт.","Фармленд №231 ул. К. Маркса, 44",174.34,5
"Амоксициллин Сандоз таблетки 1000 мг, 12 шт.","Фармленд №231 ул. К. Маркса, 44",175.06,7
"Амоксициллин Сандоз таблетки 1000 мг, 12 шт.","Фармленд №231 ул. К. Маркса, 44",176.41,1
"Амоксициллин Сандоз таблетки 1000 мг, 12 шт.",Фармленд №350ул.Дагестанская д.21  ,174.34,19
"Амоксициллин Сандоз таблетки 1000 мг, 12 шт.",Фармленд №350ул.Дагестанская д.21  ,173.72,13
"Амоксициллин Сандоз таблетки 1000 мг, 12 шт.",Фармленд №350ул.Дагестанская д.21  ,174.98,1
"Амоксициллин Сандоз таблетки 1000 мг, 12 шт.",Фармленд №350ул.Дагестанская д.21  ,176.44,10
"Амоксициллин Сандоз таблетки 1000 мг, 12 шт.",Фармленд №514ул.Первомайская д.98  ,174.34,7
"Амоксициллин Сандоз таблетки 1000 мг, 12 шт.",Фармленд №514ул.Первомайская д.98  ,173.72,11
"Амоксициллин Сандоз таблетки 1000 мг, 12 шт.",Фармленд №10ул.Вологодская д.34,174.37,10
"Амоксициллин Сандоз таблетки 1000 мг, 12 шт.",Фармленд №10ул.Вологодская д.34,175.8,3
"Амоксициллин Сандоз таблетки 1000 мг, 12 шт.",Фармленд №256пр-кт Октября д.106 ,174.37,10
"Амоксициллин Сандоз таблетки 1000 мг, 12 шт.",Фармленд №256пр-кт Октября д.106 ,167.43,9
"Амоксициллин Сандоз таблетки 1000 мг, 12 шт.",Аптека Фармленд №946ул.Жукова д.3/1  ,175.03,1
"Амоксициллин Сандоз таблетки 1000 мг, 12 шт.",Аптека Фармленд №946ул.Жукова д.3/1  ,174.34,8
"Амоксициллин Сандоз таблетки 1000 мг, 12 шт.","Фармленд №224 ул. Первомайская, 23",175.01,26
"Амоксициллин Сандоз таблетки 1000 мг, 12 шт.","Фармленд №125 ул. Мубарякова, 10/1",175.06,1
"Амоксициллин Сандоз таблетки 1000 мг, 12 шт.","Фармленд №125 ул. Мубарякова, 10/1",173.72,7
"Амоксициллин Сандоз таблетки 1000 мг, 12 шт.","Фармленд №175 ул. С. Перовской, 52/2",175.06,3
"Амоксициллин Сандоз таблетки 1000 мг, 12 шт.",Фармленд №229ул.Айская д.72  ,175.76,7
"Флемоксин Солютаб таблетки 125 мг, 20 шт. по рецепту",Фармленд №205ул.Ахметова д.297,246.9,16
"Флемоксин Солютаб таблетки 125 мг, 20 шт. по рецепту",Фармленд №205ул.Ахметова д.297,237.71,6
"Флемоксин Солютаб таблетки 125 мг, 20 шт. по рецепту",Фармленд №205ул.Ахметова д.297,240.02,2
"Флемоксин Солютаб таблетки 125 мг, 20 шт. по рецепту","Фармленд №230 ул. Р. Зорге, 45",246.9,2
"Флемоксин Солютаб таблетки 125 мг, 20 шт. по рецепту",Фармленд №514ул.Первомайская д.98  ,246.9,1
"Флемоксин Солютаб таблетки 125 мг, 20 шт. по рецепту",Фармленд №514ул.Первомайская д.98  ,238.06,5
"Флемоксин Солютаб таблетки 125 мг, 20 шт. по рецепту",Фармленд №10ул.Вологодская д.34,247.1,1
"Флемоксин Солютаб таблетки 125 мг, 20 шт. по рецепту",Аптека Фармленд №111ул.Цурюпа 79б,247.95,5
"Флемоксин Солютаб таблетки 125 мг, 20 шт. по рецепту",Фармленд №184ул.50 лет СССР   д.50,247.95,1
"Флемоксин Солютаб таблетки 125 мг, 20 шт. по рецепту",Фармленд №23пр.Октября 11   ,247.95,1
"Флемоксин Солютаб таблетки 125 мг, 20 шт. по рецепту","Фармленд №234 ул. Ленина, 84",247.95,4
"Флемоксин Солютаб таблетки 125 мг, 20 шт. по рецепту",Фармленд №24ул.Рыльского д.13,247.95,1
"Флемоксин Солютаб таблетки 125 мг, 20 шт. по рецепту",Фармленд №24ул.Рыльского д.13,238.06,9
"Флемоксин Солютаб таблетки 125 мг, 20 шт. по рецепту","Доктор СтолетовУфа, улица Энтузиастов, 20",262.0,1
"Флемоксин Солютаб таблетки 125 мг, 20 шт. по рецепту","Доктор СтолетовУфа, улица Маршала Жукова, 37",262.0,1
"Флемоксин Солютаб таблетки 125 мг, 20 шт. по рецепту","111 ЦРА (Здравсити)40 лет Октября, д. 1",481.0,1
"Флемоксин Солютаб таблетки 125 мг, 20 шт. по рецепту","111 ЦРА (Здравсити)Зайнуллы Расулева, д. 6",481.0,1
"Флемоксин Солютаб таблетки 125 мг, 20 шт. по рецепту","111 ЦРА (Здравсити)Ленина, д. 20",481.0,1
"Вигамокс капли глазные 0,5%, 5 мл","111 ЦРА (Здравсити)Менделеева, д. 9",223.0,1
"Вигамокс капли глазные 0,5%, 5 мл","111 ЦРА (Здравсити)Мубарякова, д. 3",223.0,1
"Вигамокс капли глазные 0,5%, 5 мл","111 ЦРА (Здравсити)Рабкоров, д. 20",223.0,1
"Вигамокс капли глазные 0,5%, 5 мл","111 ЦРА (Здравсити)Российская, д. 68",223.0,1
"Вигамокс капли глазные 0,5%, 5 мл","111 ЦРА (Здравсити)Ухтомского, д. 12",223.0,1
"Вигамокс капли глазные 0,5%, 5 мл","350 ЦРА (Здравсити)Нежинская, д. 28",223.0,1
"Вигамокс капли глазные 0,5%, 5 мл","350 ЦРА (Здравсити)проспект Октября, д. 6",223.0,1
"Вигамокс капли глазные 0,5%, 5 мл","350 ЦРА (Здравсити)Хмельницкого, д. 88",223.0,1
"Вигамокс капли глазные 0,5%, 5 мл","АПТЕКА-ГАРМОНИЯ (Здравсити)проспект Октября, д. 81/1",223.0,1
"Вигамокс капли глазные 0,5%, 5 мл","Аптекарь (Здравсити)Чернышевского, д. 84",223.0,1
"Вигамокс капли глазные 0,5%, 5 мл","АРНИКА (Здравсити)Чернышевского, д. 75",223.0,1
"Вигамокс капли глазные 0,5%, 5 мл","Бриз ООО (Здравсити)Айская, д. 83",223.0,1
"Вигамокс капли глазные 0,5%, 5 мл","Бриз ООО (Здравсити)Таллинская, д. 16",223.0,1
"Вигамокс капли глазные 0,5%, 5 мл","ВиВ ООО (Здравсити)Ульяновых, д. 15",223.0,1
"Вигамокс капли глазные 0,5%, 5 мл","Витаминка (Здравсити)пл Верхнеторговая, д. 1",223.0,1
"Амоксициллин Сандоз таблетки 1000 мг, 12 шт.",Фармленд №350ул.Дагестанская д.21  ,174.98,1
"Амоксициллин Сандоз таблетки 1000 мг, 12 шт.",Фармленд №350ул.Дагестанская д.21  ,173.72,13
"Амоксициллин Сандоз таблетки 1000 мг, 12 шт.",Фармленд №350ул.Дагестанская д.21  ,174.34,19
"Амоксициллин Сандоз таблетки 1000 мг, 12 шт.",Фармленд №350ул.Дагестанская д.21  ,176.44,10
"Амоксициллин Сандоз таблетки 1000 мг, 12 шт.","Фармленд №224 ул. Первомайская, 23",175.01,26
"Амоксициллин Сандоз таблетки 1000 мг, 12 шт.",Аптека Фармленд №946ул.Жукова д.3/1  ,175.03,1
"Амоксициллин Сандоз таблетки 1000 мг, 12 шт.",Аптека Фармленд №946ул.Жукова д.3/1  ,174.34,8
"Амоксициллин Сандоз таблетки 1000 мг, 12 шт.","Фармленд №125 ул. Мубарякова, 10/1",175.06,1
"Амоксициллин Сандоз таблетки 1000 мг, 12 шт.","Фармленд №125 ул. Мубарякова, 10/1",173.72,7
"Амоксициллин Сандоз таблетки 1000 мг, 12 шт.","Фармленд №175 ул. С. Перовской, 52/2",175.06,3
"Амоксициллин Сандоз таблетки 1000 мг, 12 шт.","Фармленд №231 ул. К. Маркса, 44",175.06,7
Амоксициллин капс. 250мг N16,"Фармленд №231 ул. К. Маркса, 44",52.89,1
"Амоксициллин Сандоз таблетки 1000 мг, 12 шт.","Фармленд №231 ул. К. Маркса, 44",174.34,5
"Амоксициллин Сандоз таблетки 1000 мг, 12 шт.","Фармленд №231 ул. К. Маркса, 44",176.41,1
"Амоксициллин Сандоз таблетки 1000 мг, 12 шт.",Фармленд №229ул.Айская д.72  ,175.76,7
"Амоксициллин Сандоз таблетки 1000 мг, 12 шт.",Фармленд №10ул.Вологодская д.34,175.8,3
"Амоксициллин Сандоз таблетки 1000 мг, 12 шт.",Фармленд №10ул.Вологодская д.34,174.37,10
"Амоксициллин Сандоз таблетки 1000 мг, 12 шт.",Фармленд №580ул.Достоевского д.107,176.44,1
"Амоксициллин Сандоз таблетки 1000 мг, 12 шт.",Фармленд №580ул.Достоевского д.107,173.72,5
"Амоксициллин Сандоз таблетки 1000 мг, 12 шт.","Доктор СтолетовУфа, улица Энтузиастов, 20",184.0,1
Амоксициллин капс. 250мг N16,"Фармленд №100 ул. Транспортная, 46",52.93,1
Амоксициллин капс. 250мг N16,"Фармленд №100 ул. Транспортная, 46",55.19,1
Амоксициллин капс. 250мг N16,Фармленд №55ул.Ленина д.21,52.93,2
"Флемоксин Солютаб таблетки 125 мг, 20 шт. по рецепту","ООО ФармСити (Здравсити)Дагестанская, д. 10/1",481.0,1
"Флемоксин Солютаб таблетки 125 мг, 20 шт. по рецепту","ООО ""ФАРМЭКС"" (Здравсити)Комсомольская, д. 163/2",481.0,1
"Флемоксин Солютаб таблетки 125 мг, 20 шт. по рецепту","ООО ""ФАРМЭКС"" (Здравсити)Менделеева, д. 177/1",481.0,1
"Флемоксин Солютаб таблетки 125 мг, 20 шт. по рецепту","Ригла (Здравсити)Гагарина, д. 23",481.0,1
"Флемоксин Солютаб таблетки 125 мг, 20 шт. по рецепту","СИХАТ АПТЕКА (Здравсити)Невского, д. 22",481.0,1
"Флемоксин Солютаб таблетки 125 мг, 20 шт. по рецепту","Фарм Лэнд (Здравсити)Зорге, д. 45",481.0,1
"Флемоксин Солютаб таблетки 125 мг, 20 шт. по рецепту","Фарм-Центр+ (Здравсити)Менделеева, д. 177",481.0,1
"Флемоксин Солютаб таблетки 125 мг, 20 шт. по рецепту","Хабирова Д.А. (Здравсити)Братьев Кадомцевых, д. 8",481.0,1
"Флемоксин Солютаб таблетки 125 мг, 20 шт. по рецепту","Хабирова Д.А. (Здравсити)Ленина, д. 122",481.0,1
"Флемоксин Солютаб таблетки 125 мг, 20 шт. по рецепту","Хабирова Д.А. ИП (Здравсити)Королева, д. 10",481.0,1
Амоксициллин гран. д/сусп. д/пр.вн.250 мг/5 мл фл.40 г/100 мл,"Доктор СтолетовУфа, улица Маршала Жукова, 37",111.0,1
"Аугментин таблетки 625 мг, 14 шт.","Фармленд №300ул. Шафиева, 28",168.0,15
"Амоксиклав Квиктаб таблетки 625 мг, 14 шт.","Фармленд №300ул. Шафиева, 28",336.24,3
"Амоксиклав Квиктаб таблетки 625 мг, 14 шт.",Фармленд №10ул.Вологодская д.34,326.16,3
"Амоксиклав Квиктаб таблетки 625 мг, 14 шт.",Фармленд №184ул.50 лет СССР   д.50,332.66,1
"Флемоксин Солютаб таблетки 125 мг, 20 шт. по рецепту",Фармленд №184ул.50 лет СССР   д.50,247.95,1
"Флемоксин Солютаб таблетки 125 мг, 20 шт. по рецепту",Фармленд №23пр.Октября 11   ,247.95,1
"Флемоксин Солютаб таблетки 125 мг, 20 шт. по рецепту","Фармленд №234 ул. Ленина, 84",247.95,4
"Флемоксин Солютаб таблетки 125 мг, 20 шт. по рецепту",Фармленд №24ул.Рыльского д.13,247.95,1
"Флемоксин Солютаб таблетки 125 мг, 20 шт. по рецепту",Фармленд №24ул.Рыльского д.13,238.06,9
"Флемоксин Солютаб таблетки 125 мг, 20 шт. по рецепту","Доктор СтолетовУфа, улица Энтузиастов, 20",262.0,1
"Флемоксин Солютаб таблетки 125 мг, 20 шт. по рецепту","Доктор СтолетовУфа, улица Маршала Жукова, 37",262.0,1
"Флемоксин Солютаб таблетки 125 мг, 20 шт. по рецепту","111 ЦРА (Здравсити)40 лет Октября, д. 1",481.0,1
"Флемоксин Солютаб таблетки 125 мг, 20 шт. по рецепту","111 ЦРА (Здравсити)Гафури, д. 6",481.0,1
"Флемоксин Солютаб таблетки 125 мг, 20 шт. по рецепту","111 ЦРА (Здравсити)Зайнуллы Расулева, д. 6",481.0,1
"Флемоксин Солютаб таблетки 125 мг, 20 шт. по рецепту","111 ЦРА (Здравсити)Ленина, д. 20",481.0,1
"Флемоксин Солютаб таблетки 125 мг, 20 шт. по рецепту","111 ЦРА (Здравсити)Менделеева, д. 9",481.0,1
"Флемоксин Солютаб таблетки 125 мг, 20 шт. по рецепту","111 ЦРА (Здравсити)Мубарякова, д. 3",481.0,1
"Флемоксин Солютаб таблетки 125 мг, 20 шт. по рецепту","111 ЦРА (Здравсити)Рабкоров, д. 20",481.0,1
"Флемоксин Солютаб таблетки 125 мг, 20 шт. по рецепту","111 ЦРА (Здравсити)Российская, д. 68",481.0,1
"Флемоксин Солютаб таблетки 125 мг, 20 шт. по рецепту","111 ЦРА (Здравсити)Ухтомского, д. 12",481.0,1
"Вигамокс капли глазные 0,5%, 5 мл","350 ЦРА (Здравсити)проспект Октября, д. 6",223.0,1
"Вигамокс капли глазные 0,5%, 5 мл","350 ЦРА (Здравсити)Хмельницкого, д. 88",223.0,1
"Вигамокс капли глазные 0,5%, 5 мл","АПТЕКА-ГАРМОНИЯ (Здравсити)проспект Октября, д. 81/1",223.0,1
"Вигамокс капли глазные 0,5%, 5 мл","Аптекарь (Здравсити)Чернышевского, д. 84",223.0,1
"Вигамокс капли глазные 0,5%, 5 мл","АРНИКА (Здравсити)Чернышевского, д. 75",223.0,1
"Вигамокс капли глазные 0,5%, 5 мл","Бриз ООО (Здравсити)Айская, д. 83",223.0,1
"Вигамокс капли глазные 0,5%, 5 мл","Бриз ООО (Здравсити)Таллинская, д. 16",223.0,1
"Вигамокс капли глазные 0,5%, 5 мл","ВиВ ООО (Здравсити)Ульяновых, д. 15",223.0,1
"Вигамокс капли глазные 0,5%, 5 мл","Витаминка (Здравсити)пл Верхнеторговая, д. 1",223.0,1
"Вигамокс капли глазные 0,5%, 5 мл","Витаминка (Здравсити)Вологодская, д. 32/1",223.0,1
"Вигамокс капли глазные 0,5%, 5 мл","Витаминка (Здравсити)Гагарина, д. 57/2",223.0,1
"Вигамокс капли глазные 0,5%, 5 мл","Витаминка (Здравсити)Ленина, д. 83",223.0,1
"Вигамокс капли глазные 0,5%, 5 мл","Витаминка (Здравсити)Менделеева, д. 137",223.0,1
"Вигамокс капли глазные 0,5%, 5 мл","Витаминка (Здравсити)Менделеева, д. 140/1",223.0,1
"Амоксициллин Сандоз таблетки 1000 мг, 12 шт.","Фармленд №231 ул. К. Маркса, 44",175.06,7
Амоксициллин капс. 250мг N16,"Фармленд №231 ул. К. Маркса, 44",52.89,1
"Амоксициллин Сандоз таблетки 1000 мг, 12 шт.","Фармленд №231 ул. К. Маркса, 44",174.34,5
"Амоксициллин Сандоз таблетки 1000 мг, 12 шт.","Фармленд №231 ул. К. Маркса, 44",176.41,1
"Амоксициллин Сандоз таблетки 1000 мг, 12 шт.",Фармленд №229ул.Айская д.72  ,175.76,7
"Амоксициллин Сандоз таблетки 1000 мг, 12 шт.",Фармленд №10ул.Вологодская д.34,175.8,3
"Амоксициллин Сандоз таблетки 1000 мг, 12 шт.",Фармленд №10ул.Вологодская д.34,174.37,10
"Амоксициллин Сандоз таблетки 1000 мг, 12 шт.",Фармленд №350ул.Дагестанская д.21  ,176.44,10
Амоксициллин капс. 250мг N16,Фармленд №350ул.Дагестанская д.21  ,53.44,7
"Амоксициллин Сандоз таблетки 1000 мг, 12 шт.",Фармленд №350ул.Дагестанская д.21  ,173.72,13
"Амоксициллин Сандоз таблетки 1000 мг, 12 шт.",Фармленд №350ул.Дагестанская д.21  ,174.34,19
"Амоксициллин Сандоз таблетки 1000 мг, 12 шт.",Фармленд №350ул.Дагестанская д.21  ,174.98,1
"Амоксициллин Сандоз таблетки 1000 мг, 12 шт.",Фармленд №580ул.Достоевского д.107,176.44,1
"Амоксициллин Сандоз таблетки 1000 мг, 12 шт.",Фармленд №580ул.Достоевского д.107,173.72,5
"Амоксициллин Сандоз таблетки 1000 мг, 12 шт.","Доктор СтолетовУфа, улица Энтузиастов, 20",184.0,1
Амоксициллин капс. 250мг N16,Фармленд №55ул.Ленина д.21,52.93,2
Амоксициллин капс. 250мг N16,Аптека Фармленд №111ул.Цурюпа 79б,53.21,2
Амоксициллин капс. 250мг N16,Фармленд №86ул.Батырская д.6,53.44,1
Амоксициллин капс. 250мг N16,Аптека Фармленд №946ул.Жукова д.3/1  ,53.96,1
Амоксициллин капс. 250мг N16,"Фармленд №103ул. А. Королева, 2",53.96,2
"Вигамокс капли глазные 0,5%, 5 мл","АРНИКА (Здравсити)Чернышевского, д. 75",223.0,1
"Вигамокс капли глазные 0,5%, 5 мл","Бриз ООО (Здравсити)Айская, д. 83",223.0,1
"Вигамокс капли глазные 0,5%, 5 мл","Бриз ООО (Здравсити)Таллинская, д. 16",223.0,1
"Вигамокс капли глазные 0,5%, 5 мл","ВиВ ООО (Здравсити)Ульяновых, д. 15",223.0,1
"Вигамокс капли глазные 0,5%, 5 мл","Витаминка (Здравсити)пл Верхнеторговая, д. 1",223.0,1
"Вигамокс капли глазные 0,5%, 5 мл","Витаминка (Здравсити)Вологодская, д. 32/1",223.0,1
"Вигамокс капли глазные 0,5%, 5 мл","Витаминка (Здравсити)Гагарина, д. 57/2",223.0,1
"Вигамокс капли глазные 0,5%, 5 мл","Витаминка (Здравсити)Ленина, д. 83",223.0,1
"Вигамокс капли глазные 0,5%, 5 мл","Витаминка (Здравсити)Менделеева, д. 137",223.0,1
"Вигамокс капли глазные 0,5%, 5 мл","Витаминка (Здравсити)Менделеева, д. 140/1",223.0,1
"Вигамокс капли глазные 0,5%, 5 мл","Витаминка (Здравсити)Мушникова, д. 11",223.0,1
"Вигамокс капли глазные 0,5%, 5 мл","Витаминка (Здравсити)Транспортная, д. 44",223.0,1
"Вигамокс капли глазные 0,5%, 5 мл","Витаминка (Здравсити)Черниковская, д. 9",223.0,1
"Вигамокс капли глазные 0,5%, 5 мл","Витаминка (Здравсити)Чернышевского, д. 122",223.0,1
Аугментин таб.п.о.250мг+125мг №20,"111 ЦРА (Здравсити)Рабкоров, д. 20",236.0,1
"Флемоксин Солютаб таблетки 125 мг, 20 шт. по рецепту","Доктор СтолетовУфа, улица Маршала Жукова, 37",262.0,1
"Флемоксин Солютаб таблетки 125 мг, 20 шт. по рецепту","111 ЦРА (Здравсити)40 лет Октября, д. 1",0.0,0
"Флемоксин Солютаб таблетки 125 мг, 20 шт. по рецепту","111 ЦРА (Здравсити)Гафури, д. 6",0.0,0
"Флемоксин Солютаб таблетки 125 мг, 20 шт. по рецепту","111 ЦРА (Здравсити)Зайнуллы Расулева, д. 6",0.0,0
"Флемоксин Солютаб таблетки 125 мг, 20 шт. по рецепту","111 ЦРА (Здравсити)Ленина, д. 20",0.0,0
"Флемоксин Солютаб таблетки 125 мг, 20 шт. по рецепту","111 ЦРА (Здравсити)Менделеева, д. 9",0.0,0
"Флемоксин Солютаб таблетки 125 мг, 20 шт. по рецепту","111 ЦРА (Здравсити)Мубарякова, д. 3",0.0,0
"Флемоксин Солютаб таблетки 125 мг, 20 шт. по рецепту","111 ЦРА (Здравсити)Рабкоров, д. 20",0.0,0
"Флемоксин Солютаб таблетки 125 мг, 20 шт. по рецепту","111 ЦРА (Здравсити)Российская, д. 68",0.0,0
"Флемоксин Солютаб таблетки 125 мг, 20 шт. по рецепту","111 ЦРА (Здравсити)Ухтомского, д. 12",0.0,0
"Флемоксин Солютаб таблетки 125 мг, 20 шт. по рецепту","350 ЦРА (Здравсити)Нежинская, д. 28",0.0,0
"Флемоксин Солютаб таблетки 125 мг, 20 шт. по рецепту","350 ЦРА (Здравсити)проспект Октября, д. 6",0.0,0
"Флемоксин Солютаб таблетки 125 мг, 20 шт. по рецепту","350 ЦРА (Здравсити)Хмельницкого, д. 88",0.0,0
"Флемоксин Солютаб таблетки 125 мг, 20 шт. по рецепту","АПТЕКА-ГАРМОНИЯ (Здравсити)проспект Октября, д. 81/1",0.0,0
"Флемоксин Солютаб таблетки 125 мг, 20 шт. по рецепту","Аптекарь (Здравсити)Чернышевского, д. 84",0.0,0
Амоксициллин Сандоз таб. 500мг N12,"Фармленд №125 ул. Мубарякова, 10/1",131.95,8
Амоксициллин Сандоз таб. 500мг N12,"Фармленд №125 ул. Мубарякова, 10/1",137.83,2
Амоксициллин Сандоз таб. 500мг N12,"Фармленд №128ул. З. Валиди, 58",131.95,7
Амоксициллин Сандоз таб. 500мг N12,Фармленд №205ул.Ахметова д.297,131.95,5
Амоксициллин Сандоз таб. 500мг N12,Фармленд №205ул.Ахметова д.297,137.61,5
Амоксициллин Сандоз таб. 500мг N12,Фармленд №205ул.Ахметова д.297,137.83,1
Амоксициллин Сандоз таб. 500мг N12,"Фармленд №230 ул. Р. Зорге, 45",131.95,10
Амоксициллин Сандоз таб. 500мг N12,"Фармленд №230 ул. Р. Зорге, 45",138.89,3
Амоксициллин Сандоз таб. 500мг N12,Фармленд №258ул.Гафури д.50  ,131.95,10
Амоксициллин Сандоз таб. 500мг N12,Фармленд №258ул.Гафури д.50  ,137.83,2
Амоксициллин Сандоз таб. 500мг N12,Фармленд №500ул.Менделеева д.128/3,131.95,2
Амоксициллин Сандоз таб. 500мг N12,Фармленд №514ул.Первомайская д.98  ,131.95,18
Амоксициллин Сандоз таб. 500мг N12,"Фармленд №224 ул. Первомайская, 23",132.64,9
Амоксициллин Сандоз таб. 500мг N12,Фармленд №229ул.Айская д.72  ,132.64,10
Амоксициллин Сандоз таб. 500мг N12,Фармленд №229ул.Айская д.72  ,138.19,1
Амоксициллин Сандоз таб. 500мг N12,Фармленд №112ул.Коммунистическая д.45,133.39,4
Амоксициллин Сандоз таб. 500мг N12,"Фармленд №175 ул. С. Перовской, 52/2",133.39,5
Амоксициллин Сандоз таб. 500мг N12,"Фармленд №175 ул. С. Перовской, 52/2",137.86,2
Амоксициллин Сандоз таб. 500мг N12,Фармленд №86ул.Батырская д.6,133.39,2
Амоксициллин Сандоз таб. 500мг N12,"Фармленд №97 ул. Ухтомского, 17",133.39,14
Амоксициллин Сандоз таб. 500мг N12,"Фармленд №300ул. Шафиева, 28",134.38,4
Амоксициллин Сандоз таб. 500мг N12,"Фармленд №300ул. Шафиева, 28",138.9,5
Амоксициллин капс. 500мг №16,"111 ЦРА (Здравсити)40 лет Октября, д. 1",102.0,1
Амоксициллин Сандоз таб. 500мг N12,Фармленд №500ул.Менделеева д.128/3,131.95,2
Амоксициллин Сандоз таб. 500мг N12,Фармленд №580ул.Достоевского д.107,134.38,1
Амоксициллин Сандоз таб. 500мг N12,Фармленд №514ул.Первомайская д.98  ,131.95,18
Амоксициллин Сандоз таб. 500мг N12,Фармленд №580ул.Достоевского д.107,137.61,4
Амоксициллин Сандоз таб. 500мг N12,"Фармленд №224 ул. Первомайская, 23",132.64,9
Амоксициллин Сандоз таб. 500мг N12,Фармленд №580ул.Достоевского д.107,137.83,2
Амоксициллин Сандоз таб. 500мг N12,Фармленд №229ул.Айская д.72  ,132.64,10
Амоксициллин Сандоз таб. 500мг N12,Аптека Фармленд №946ул.Жукова д.3/1  ,137.61,2
Амоксициллин Сандоз таб. 500мг N12,Фармленд №229ул.Айская д.72  ,138.19,1
Амоксициллин Сандоз таб. 500мг N12,Фармленд №112ул.Коммунистическая д.45,133.39,4
Амоксициллин Сандоз таб. 500мг N12,Аптека Фармленд №946ул.Жукова д.3/1  ,131.95,2
"Аугментин таблетки 625 мг, 14 шт.",Фармленд №112ул.Коммунистическая д.45,189.61,2
Амоксициллин Сандоз таб. 500мг N12,"Фармленд №100 ул. Транспортная, 46",131.95,5
Амоксициллин Сандоз таб. 500мг N12,"Фармленд №175 ул. С. Перовской, 52/2",133.39,5
Амоксициллин Сандоз таб. 500мг N12,"Фармленд №100 ул. Транспортная, 46",137.83,1
Амоксициллин Сандоз таб. 500мг N12,"Фармленд №175 ул. С. Перовской, 52/2",137.86,2
Амоксициллин Сандоз таб. 500мг N12,Фармленд №205ул.Ахметова д.297,137.61,5
Амоксициллин Сандоз таб. 500мг N12,Фармленд №86ул.Батырская д.6,133.39,2
Амоксициллин Сандоз таб. 500мг N12,Фармленд №205ул.Ахметова д.297,131.95,5
Амоксициллин Сандоз таб. 500мг N12,"Фармленд №97 ул. Ухтомского, 17",133.39,14
Амоксициллин Сандоз таб. 500мг N12,Фармленд №205ул.Ахметова д.297,137.83,1
"Аугментин 200 мг+28,5 мг/5мл пор.","Фармленд №97 ул. Ухтомского, 17",153.7,1
"Аугментин 200 мг+28,5 мг/5мл пор.","Фармленд №97 ул. Ухтомского, 17",157.16,3
"Аугментин 200 мг+28,5 мг/5мл пор.","Фармленд №97 ул. Ухтомского, 17",159.35,1
Амоксициллин Сандоз таб. 500мг N12,"Фармленд №300ул. Шафиева, 28",134.38,4
Амоксициллин Сандоз таб. 500мг N12,"Фармленд №300ул. Шафиева, 28",138.9,5
Амоксициллин капс. 500мг №16,"111 ЦРА (Здравсити)40 лет Октября, д. 1",102.0,1
"Аугментин таблетки 625 мг, 14 шт.",Аптека Фармленд №111ул.Цурюпа 79б,188.88,5
"Аугментин таблетки 625 мг, 14 шт.",Аптека Фармленд №111ул.Цурюпа 79б,189.92,4
"Вигамокс капли глазные 0,5%, 5 мл","Витаминка (Здравсити)Вологодская, д. 32/1",223.0,1
"Вигамокс капли глазные 0,5%, 5 мл","Витаминка (Здравсити)Гагарина, д. 57/2",223.0,1
"Вигамокс капли глазные 0,5%, 5 мл","Витаминка (Здравсити)Ленина, д. 83",223.0,1
"Вигамокс капли глазные 0,5%, 5 мл","Витаминка (Здравсити)Менделеева, д. 137",223.0,1
"Вигамокс капли глазные 0,5%, 5 мл","Витаминка (Здравсити)Менделеева, д. 140/1",223.0,1
"Вигамокс капли глазные 0,5%, 5 мл","Витаминка (Здравсити)Мушникова, д. 11",223.0,1
"Вигамокс капли глазные 0,5%, 5 мл","Витаминка (Здравсити)Транспортная, д. 44",223.0,1
"Вигамокс капли глазные 0,5%, 5 мл","Витаминка (Здравсити)Черниковская, д. 9",223.0,1
"Вигамокс капли глазные 0,5%, 5 мл","Витаминка (Здравсити)Чернышевского, д. 122",223.0,1
Аугментин таб.п.о.250мг+125мг №20,"111 ЦРА (Здравсити)Рабкоров, д. 20",236.0,1
"Амоксиклав Квиктаб таблетки 1000 мг, 14 шт.","Фармленд №300ул. Шафиева, 28",370.74,5
"Амоксиклав Квиктаб таблетки 1000 мг, 14 шт.","Фармленд №300ул. Шафиева, 28",385.48,31
Аугментин таб.п.о.250мг+125мг №20,"111 ЦРА (Здравсити)Российская, д. 68",236.0,1
"Вигамокс капли глазные 0,5%, 5 мл","""Добрыйй доктор"" ИП Ханнанова (Здравсити)Сагита Агиша, д. 14",223.0,1
"Вигамокс капли глазные 0,5%, 5 мл","ИП Фролова Е.В. (Здравсити)Свободы, д. 24, а",223.0,1
Аугментин таб.п.о.250мг+125мг №20,"111 ЦРА (Здравсити)Ухтомского, д. 12",236.0,1
"Панклав 2х таблетки, покрытые пленочной оболочкой, 875 мг + 125 мг, 14 шт.","111 ЦРА (Здравсити)Ухтомского, д. 12",314.0,1
Амоксициллин Сандоз таб. 500мг N12,Фармленд №580ул.Достоевского д.107,134.38,1
Амоксициллин Сандоз таб. 500мг N12,Фармленд №580ул.Достоевского д.107,137.61,4
Амоксициллин Сандоз таб. 500мг N12,Фармленд №580ул.Достоевского д.107,137.83,2
Амоксициллин Сандоз таб. 500мг N12,Аптека Фармленд №946ул.Жукова д.3/1  ,137.61,2
Амоксициллин Сандоз таб. 500мг N12,Аптека Фармленд №946ул.Жукова д.3/1  ,131.95,2
Амоксициллин Сандоз таб. 500мг N12,"Фармленд №100 ул. Транспортная, 46",137.61,1
Амоксициллин Сандоз таб. 500мг N12,"Фармленд №100 ул. Транспортная, 46",131.95,5
Амоксициллин Сандоз таб. 500мг N12,"Фармленд №100 ул. Транспортная, 46",137.83,1
Амоксициллин Сандоз таб. 500мг N12,Фармленд №184ул.50 лет СССР   д.50,137.61,6
Амоксициллин Сандоз таб. 500мг N12,Фармленд №205ул.Ахметова д.297,137.61,5
Амоксициллин Сандоз таб. 500мг N12,Фармленд №205ул.Ахметова д.297,131.95,5
Амоксициллин Сандоз таб. 500мг N12,Фармленд №205ул.Ахметова д.297,137.83,1
Амоксициллин Сандоз таб. 500мг N12,"Фармленд №231 ул. К. Маркса, 44",137.61,9
Амоксициллин Сандоз таб. 500мг N12,Фармленд №24ул.Рыльского д.13,137.61,9
Амоксициллин Сандоз таб. 500мг N12,Фармленд №24ул.Рыльского д.13,137.83,3
Амоксициллин Сандоз таб. 500мг N12,Фармленд №350ул.Дагестанская д.21  ,137.61,13
Амоксициллин капс. 500мг №16,"Фармленд №300ул. Шафиева, 28",69.84,10
Амоксициллин Сандоз таб. 500мг N12,Фармленд №55ул.Ленина д.21,137.61,3
Амоксициллин Сандоз таб. 500мг N12,Фармленд №86ул.Батырская д.6,133.39,2
Амоксициллин капс. 500мг №16,"111 ЦРА (Здравсити)40 лет Октября, д. 1",102.0,1
"Аугментин 200 мг+28,5 мг/5мл пор.","Фармленд №97 ул. Ухтомского, 17",153.7,1
"Аугментин 200 мг+28,5 мг/5мл пор.","Фармленд №97 ул. Ухтомского, 17",157.16,3
"Аугментин 200 мг+28,5 мг/5мл пор.","Фармленд №97 ул. Ухтомского, 17",159.35,1
"Аугментин таблетки 625 мг, 14 шт.",Аптека Фармленд №111ул.Цурюпа 79б,188.88,5
"Аугментин таблетки 625 мг, 14 шт.",Аптека Фармленд №111ул.Цурюпа 79б,189.92,4
"Аугментин таблетки 625 мг, 14 шт.",Фармленд №112ул.Коммунистическая д.45,189.61,2
"Флемоклав Солютаб таблетки 125 мг, 20 шт.",Фармленд №10ул.Вологодская д.34,124.47,1
"Флемоклав Солютаб таблетки 125 мг, 20 шт.","Фармленд №103ул. А. Королева, 2",145.35,3
"Флемоклав Солютаб таблетки 125 мг, 20 шт.",Фармленд №23пр.Октября 11   ,145.35,1
"Флемоклав Солютаб таблетки 125 мг, 20 шт.","Фармленд №230 ул. Р. Зорге, 45",145.35,1
"Флемоклав Солютаб таблетки 125 мг, 20 шт.","Фармленд №231 ул. К. Маркса, 44",145.35,1
Амоксициллин Сандоз таб. 500мг N12,Фармленд №580ул.Достоевского д.107,134.38,1
Амоксициллин Сандоз таб. 500мг N12,Фармленд №580ул.Достоевского д.107,137.61,4
Амоксициллин Сандоз таб. 500мг N12,Фармленд №580ул.Достоевского д.107,137.83,2
Амоксициллин Сандоз таб. 500мг N12,Аптека Фармленд №946ул.Жукова д.3/1  ,137.61,2
Амоксициллин Сандоз таб. 500мг N12,Аптека Фармленд №946ул.Жукова д.3/1  ,131.95,2
Амоксициллин Сандоз таб. 500мг N12,"Фармленд №100 ул. Транспортная, 46",137.61,1
Амоксициллин Сандоз таб. 500мг N12,"Фармленд №100 ул. Транспортная, 46",131.95,5
Амоксициллин Сандоз таб. 500мг N12,"Фармленд №100 ул. Транспортная, 46",137.83,1
Амоксициллин Сандоз таб. 500мг N12,Фармленд №184ул.50 лет СССР   д.50,137.61,6
Амоксициллин Сандоз таб. 500мг N12,Фармленд №205ул.Ахметова д.297,137.61,5
Амоксициллин Сандоз таб. 500мг N12,Фармленд №205ул.Ахметова д.297,131.95,5
Амоксициллин Сандоз таб. 500мг N12,Фармленд №205ул.Ахметова д.297,137.83,1
Амоксициллин Сандоз таб. 500мг N12,"Фармленд №231 ул. К. Маркса, 44",137.61,9
Амоксициллин капс. 500мг №16,"Фармленд №300ул. Шафиева, 28",69.84,10
Амоксициллин Сандоз таб. 500мг N12,Фармленд №55ул.Ленина д.21,137.61,3
Амоксициллин капс. 500мг №16,"111 ЦРА (Здравсити)Гафури, д. 6",102.0,1
Амоксициллин капс. 500мг №16,"111 ЦРА (Здравсити)Зайнуллы Расулева, д. 6",102.0,1
Амоксициллин Сандоз таб. 500мг N12,Аптека Фармленд №111ул.Цурюпа 79б,137.83,22
Амоксициллин капс. 500мг №16,"111 ЦРА (Здравсити)Ленина, д. 20",102.0,1
Амоксициллин капс. 500мг №16,"ИП Фролова Е.В. (Здравсити)Свободы, д. 24, а",102.0,1
"Флемоксин Солютаб таблетки 250 мг, 20 шт. по рецепту",Фармленд №24ул.Рыльского д.13,292.25,3
"Флемоксин Солютаб таблетки 250 мг, 20 шт. по рецепту",Фармленд №514ул.Первомайская д.98  ,292.25,1
"Флемоксин Солютаб таблетки 250 мг, 20 шт. по рецепту",Фармленд №229ул.Айская д.72  ,292.83,3
"Флемоксин Солютаб таблетки 250 мг, 20 шт. по рецепту","Фармленд №224 ул. Первомайская, 23",293.59,10
"Флемоксин Солютаб таблетки 250 мг, 20 шт. по рецепту",Фармленд №256пр-кт Октября д.106 ,293.76,10
"Флемоксин Солютаб таблетки 250 мг, 20 шт. по рецепту",Фармленд №55ул.Ленина д.21,293.82,5
Амоксициллин Сандоз таб. 500мг N12,Фармленд №350ул.Дагестанская д.21  ,137.61,13
Амоксициллин капс. 500мг №16,"111 ЦРА (Здравсити)Зайнуллы Расулева, д. 6",102.0,1
Амоксициллин Сандоз таб. 500мг N12,Аптека Фармленд №111ул.Цурюпа 79б,137.83,22
Амоксициллин капс. 500мг №16,"111 ЦРА (Здравсити)Ленина, д. 20",102.0,1
Амоксициллин капс. 500мг №16,"111 ЦРА (Здравсити)Менделеева, д. 9",102.0,1
Амоксициллин Сандоз таб. 500мг N12,"Фармленд №125 ул. Мубарякова, 10/1",137.83,2
Амоксициллин Сандоз таб. 500мг N12,"Фармленд №125 ул. Мубарякова, 10/1",131.95,8
Амоксициллин капс. 500мг №16,"111 ЦРА (Здравсити)Мубарякова, д. 3",102.0,1
Амоксициллин Сандоз таб. 500мг N12,Фармленд №205ул.Ахметова д.297,137.83,1
Амоксициллин Сандоз таб. 500мг N12,Фармленд №205ул.Ахметова д.297,131.95,5
Амоксициллин Сандоз таб. 500мг N12,Фармленд №205ул.Ахметова д.297,137.61,5
"Флемоксин Солютаб таблетки 250 мг, 20 шт. по рецепту",Фармленд №229ул.Айская д.72  ,292.83,3
"Флемоксин Солютаб таблетки 250 мг, 20 шт. по рецепту",Аптека Фармленд №951ул.Романтиков д.1  ,293.82,1
"Флемоксин Солютаб таблетки 250 мг, 20 шт. по рецепту",Аптека Фармленд №951ул.Романтиков д.1  ,292.07,4
"Флемоксин Солютаб таблетки 250 мг, 20 шт. по рецепту",Фармленд №55ул.Ленина д.21,293.82,5
"Флемоксин Солютаб таблетки 250 мг, 20 шт. по рецепту",Фармленд №514ул.Первомайская д.98  ,300.06,5
"Флемоксин Солютаб таблетки 250 мг, 20 шт. по рецепту",Фармленд №514ул.Первомайская д.98  ,290.9,2
"Флемоксин Солютаб таблетки 250 мг, 20 шт. по рецепту","Фармленд №97 ул. Ухтомского, 17",300.12,2
"Флемоксин Солютаб таблетки 250 мг, 20 шт. по рецепту","Фармленд №97 ул. Ухтомского, 17",291.3,6
"Флемоксин Солютаб таблетки 250 мг, 20 шт. по рецепту","Доктор СтолетовУфа, улица Энтузиастов, 20",321.0,3
"Флемоксин Солютаб таблетки 250 мг, 20 шт. по рецепту","Доктор СтолетовУфа, улица Маршала Жукова, 37",321.0,1
Аугментин порошок для приготовления суспензии для приема внутрь 400 мг + 57 мг/5 мл,"Фармленд №125 ул. Мубарякова, 10/1",277.78,7
"Флемоклав Солютаб таблетки диспергируемые 1000 мг, 14 шт.",Фармленд №500ул.Менделеева д.128/3,472.12,5
"Флемоклав Солютаб таблетки диспергируемые 1000 мг, 14 шт.",Фармленд №500ул.Менделеева д.128/3,459.98,1
"Флемоклав Солютаб таблетки диспергируемые 1000 мг, 14 шт.",Фармленд №500ул.Менделеева д.128/3,460.02,1
"Флемоклав Солютаб таблетки диспергируемые 1000 мг, 14 шт.",Фармленд №256пр-кт Октября д.106 ,472.8,9
"Флемоклав Солютаб таблетки диспергируемые 1000 мг, 14 шт.",Фармленд №229ул.Айская д.72  ,481.7,2
"Флемоклав Солютаб таблетки диспергируемые 1000 мг, 14 шт.","Доктор СтолетовУфа, улица Энтузиастов, 20",529.0,1
"Флемоксин Солютаб таблетки 500 мг, 20 шт.",Фармленд №10ул.Вологодская д.34,306.0,6
"Флемоксин Солютаб таблетки 500 мг, 20 шт.","Фармленд №224 ул. Первомайская, 23",306.0,1
"Флемоксин Солютаб таблетки 500 мг, 20 шт.","Фармленд №224 ул. Первомайская, 23",306.0,16
"Флемоксин Солютаб таблетки 500 мг, 20 шт.",Фармленд №514ул.Первомайская д.98  ,306.0,1
"Флемоксин Солютаб таблетки 500 мг, 20 шт.",Фармленд №514ул.Первомайская д.98  ,309.65,21
"Флемоксин Солютаб таблетки 500 мг, 20 шт.",Фармленд №184ул.50 лет СССР   д.50,309.65,4
"Флемоксин Солютаб таблетки 500 мг, 20 шт.","Фармленд №97 ул. Ухтомского, 17",309.65,13
"Флемоксин Солютаб таблетки 500 мг, 20 шт.","Фармленд №300ул. Шафиева, 28",313.0,2
"Флемоксин Солютаб таблетки 500 мг, 20 шт.",Фармленд №86ул.Батырская д.6,313.0,4
"Флемоксин Солютаб таблетки 500 мг, 20 шт.",Фармленд №23пр.Октября 11   ,313.02,7
